-- --------------------------------------------------------
-- Хост:                         127.0.0.1
-- Версия сервера:               5.7.13 - MySQL Community Server (GPL)
-- ОС Сервера:                   Win64
-- HeidiSQL Версия:              9.3.0.4984
-- --------------------------------------------------------

/*!40101 SET @OLD_CHARACTER_SET_CLIENT=@@CHARACTER_SET_CLIENT */;
/*!40101 SET NAMES utf8mb4 */;
/*!40014 SET @OLD_FOREIGN_KEY_CHECKS=@@FOREIGN_KEY_CHECKS, FOREIGN_KEY_CHECKS=0 */;
/*!40101 SET @OLD_SQL_MODE=@@SQL_MODE, SQL_MODE='NO_AUTO_VALUE_ON_ZERO' */;

-- Дамп структуры базы данных shop
CREATE DATABASE IF NOT EXISTS `shop` /*!40100 DEFAULT CHARACTER SET utf8 */;
USE `shop`;


-- Дамп структуры для таблица shop.brands
CREATE TABLE IF NOT EXISTS `brands` (
  `id` int(10) unsigned NOT NULL AUTO_INCREMENT,
  `brand_name` varchar(255) COLLATE utf8_unicode_ci NOT NULL,
  `created_at` timestamp NULL DEFAULT NULL,
  `updated_at` timestamp NULL DEFAULT NULL,
  PRIMARY KEY (`id`)
) ENGINE=InnoDB AUTO_INCREMENT=12 DEFAULT CHARSET=utf8 COLLATE=utf8_unicode_ci;

-- Дамп данных таблицы shop.brands: ~11 rows (приблизительно)
/*!40000 ALTER TABLE `brands` DISABLE KEYS */;
INSERT INTO `brands` (`id`, `brand_name`, `created_at`, `updated_at`) VALUES
	(1, 'Samsung', '2016-11-23 09:04:10', '2016-11-23 09:04:10'),
	(2, 'Asus', '2016-11-23 10:37:16', '2016-11-23 10:37:16'),
	(3, 'LG', '2016-11-23 10:37:21', '2016-11-23 10:37:21'),
	(4, 'Bosh', '2016-11-23 11:54:06', '2016-11-23 11:54:06'),
	(5, 'MSI', '2016-11-23 18:35:44', '2016-11-23 18:35:44'),
	(6, 'Redmond', '2016-11-25 16:08:51', '2016-11-25 16:08:51'),
	(7, 'Polaris', '2016-11-25 16:09:05', '2016-11-25 16:09:05'),
	(8, 'Apple', '2016-11-25 16:23:43', '2016-11-25 16:23:43'),
	(9, 'Acer', '2016-11-25 16:31:01', '2016-11-25 16:31:01'),
	(10, 'Aresa', '2016-11-25 16:37:29', '2016-11-25 16:37:29'),
	(11, 'Lenovo', '2016-11-25 16:46:14', '2016-11-25 16:46:14');
/*!40000 ALTER TABLE `brands` ENABLE KEYS */;


-- Дамп структуры для таблица shop.carts
CREATE TABLE IF NOT EXISTS `carts` (
  `id` int(10) unsigned NOT NULL AUTO_INCREMENT,
  `user_id` int(11) NOT NULL,
  `product_id` int(11) NOT NULL,
  `qty` int(10) unsigned NOT NULL,
  `total` decimal(10,2) unsigned NOT NULL,
  `created_at` timestamp NULL DEFAULT NULL,
  `updated_at` timestamp NULL DEFAULT NULL,
  PRIMARY KEY (`id`)
) ENGINE=InnoDB DEFAULT CHARSET=utf8 COLLATE=utf8_unicode_ci;

-- Дамп данных таблицы shop.carts: ~0 rows (приблизительно)
/*!40000 ALTER TABLE `carts` DISABLE KEYS */;
/*!40000 ALTER TABLE `carts` ENABLE KEYS */;


-- Дамп структуры для таблица shop.categories
CREATE TABLE IF NOT EXISTS `categories` (
  `id` int(10) unsigned NOT NULL AUTO_INCREMENT,
  `category` varchar(255) COLLATE utf8_unicode_ci NOT NULL,
  `parent_id` int(11) DEFAULT NULL,
  `created_at` timestamp NULL DEFAULT NULL,
  `updated_at` timestamp NULL DEFAULT NULL,
  PRIMARY KEY (`id`)
) ENGINE=InnoDB AUTO_INCREMENT=15 DEFAULT CHARSET=utf8 COLLATE=utf8_unicode_ci;

-- Дамп данных таблицы shop.categories: ~13 rows (приблизительно)
/*!40000 ALTER TABLE `categories` DISABLE KEYS */;
INSERT INTO `categories` (`id`, `category`, `parent_id`, `created_at`, `updated_at`) VALUES
	(1, 'Товары для дома', NULL, '2016-11-23 11:32:00', '2016-11-23 11:32:00'),
	(2, 'Техника для кухни', NULL, '2016-11-23 11:32:10', '2016-11-23 11:32:10'),
	(3, 'Мультиварки', 2, '2016-11-23 11:32:20', '2016-11-23 11:32:20'),
	(4, 'Стиральные машины', 1, '2016-11-23 11:32:29', '2016-11-23 11:32:29'),
	(5, 'Телефоны', NULL, '2016-11-23 18:31:19', '2016-11-23 18:31:19'),
	(6, 'Смартфоны', 5, '2016-11-23 18:31:27', '2016-11-23 18:31:27'),
	(7, 'Ноутбуки и планшеты', NULL, '2016-11-23 18:50:52', '2016-11-23 18:50:52'),
	(8, 'Ноутбуки', 7, '2016-11-23 18:51:02', '2016-11-23 18:51:02'),
	(10, 'Холодильник', 2, '2016-11-23 18:57:46', '2016-11-23 18:57:46'),
	(11, 'Блендеры', 2, '2016-11-25 16:15:03', '2016-11-25 16:15:03'),
	(12, 'Планшеты', 7, '2016-11-25 16:27:37', '2016-11-25 16:27:37'),
	(13, 'Тостеры', 2, '2016-11-25 16:36:50', '2016-11-25 16:36:50'),
	(14, 'Посудомоечные машины', 1, '2016-11-25 16:40:05', '2016-11-25 16:40:05');
/*!40000 ALTER TABLE `categories` ENABLE KEYS */;


-- Дамп структуры для таблица shop.migrations
CREATE TABLE IF NOT EXISTS `migrations` (
  `migration` varchar(255) COLLATE utf8_unicode_ci NOT NULL,
  `batch` int(11) NOT NULL
) ENGINE=InnoDB DEFAULT CHARSET=utf8 COLLATE=utf8_unicode_ci;

-- Дамп данных таблицы shop.migrations: ~12 rows (приблизительно)
/*!40000 ALTER TABLE `migrations` DISABLE KEYS */;
INSERT INTO `migrations` (`migration`, `batch`) VALUES
	('2014_10_12_000000_create_users_table', 1),
	('2014_10_12_100000_create_password_resets_table', 1),
	('2016_04_01_225427_create_categories_table', 1),
	('2016_04_04_235728_create_products_table', 1),
	('2016_04_08_172826_create_brands_table', 1),
	('2016_04_09_201921_create_product_images_table', 1),
	('2016_04_17_181302_create_carts_table', 1),
	('2016_04_18_183841_create_orders_table', 1),
	('2016_04_18_232109_create_order_product_table', 1),
	('2016_11_19_150255_create_slider_table', 1),
	('2016_11_22_194222_create_blog_table', 1),
	('2016_11_23_094436_create_services_table', 2);
/*!40000 ALTER TABLE `migrations` ENABLE KEYS */;


-- Дамп структуры для таблица shop.orders
CREATE TABLE IF NOT EXISTS `orders` (
  `id` int(10) unsigned NOT NULL AUTO_INCREMENT,
  `user_id` int(11) NOT NULL,
  `name` varchar(255) COLLATE utf8_unicode_ci NOT NULL,
  `phone` varchar(255) COLLATE utf8_unicode_ci NOT NULL,
  `address` varchar(255) COLLATE utf8_unicode_ci NOT NULL,
  `address_2` varchar(255) COLLATE utf8_unicode_ci NOT NULL,
  `city` varchar(255) COLLATE utf8_unicode_ci NOT NULL,
  `region` varchar(255) COLLATE utf8_unicode_ci NOT NULL,
  `index` varchar(255) COLLATE utf8_unicode_ci NOT NULL,
  `total` decimal(10,2) NOT NULL,
  `created_at` timestamp NULL DEFAULT NULL,
  `updated_at` timestamp NULL DEFAULT NULL,
  PRIMARY KEY (`id`)
) ENGINE=InnoDB AUTO_INCREMENT=16 DEFAULT CHARSET=utf8 COLLATE=utf8_unicode_ci;

-- Дамп данных таблицы shop.orders: ~15 rows (приблизительно)
/*!40000 ALTER TABLE `orders` DISABLE KEYS */;
INSERT INTO `orders` (`id`, `user_id`, `name`, `phone`, `address`, `address_2`, `city`, `region`, `index`, `total`, `created_at`, `updated_at`) VALUES
	(1, 1, 'Nikita Dergachov', '+79780017714', 'Gfsgd', 'GTRtete', 'Gfdgdg', 'KS', '3525235', 8999.00, '2016-11-23 20:56:06', '2016-11-23 20:56:06'),
	(2, 1, 'впварва', '+79780017512', 'Университетская 27', 'Университетская 27', 'Севастополь', 'Севастополь', '124123', 131999.00, '2016-11-24 07:25:54', '2016-11-24 07:25:54'),
	(3, 9, 'Никулин Константин Викторович', '+79780017415', 'Университеская 45', '', 'Севастополь', 'Крым', '299026', 88899.00, '2016-11-25 17:27:20', '2016-11-25 17:27:20'),
	(4, 9, 'Никулин Константин Викторович', '+79780017415', 'Университеская 45', 'Университетская 46', 'Севастополь', 'Крым', '90876', 197999.00, '2016-11-25 17:29:59', '2016-11-25 17:29:59'),
	(5, 10, 'Гриценко Роман Максимович', '+9784125638', 'Кирова 89 кв 1', '', 'Феодосия', 'Крым', '09845', 76500.00, '2016-11-25 17:32:10', '2016-11-25 17:32:10'),
	(6, 11, 'Волков Дмитрий Васильевич', '+7899287412', 'Репина 24 кв 89', 'Репина 24 кв 90', 'Севастополь', 'Крым', '09866', 1199.00, '2016-11-25 17:33:55', '2016-11-25 17:33:55'),
	(7, 11, 'Волков Дмитрий Васильевич', '+9784125638', 'Репина 24 кв 89', 'Репина 24 кв 90', 'Севастополь', 'Крым', '299026', 104900.00, '2016-11-25 17:34:47', '2016-11-25 17:34:47'),
	(8, 1, 'Волков Дмитрий Васильевич', '+79780017415', 'Университеская 45', 'Репина 24 кв 90', 'Севастополь', 'Крым', '299026', 68998.00, '2016-11-25 17:41:51', '2016-11-25 17:41:51'),
	(9, 1, 'Волков Дмитрий Васильевич', '+79780017415', 'Университеская 45', 'Репина 24 кв 90', 'Севастополь', 'Крым', '299026', 49000.00, '2016-11-25 17:44:48', '2016-11-25 17:44:48'),
	(10, 1, 'Волков Дмитрий Васильевич', '+79780017415', 'Университеская 45', '', 'Севастополь', 'Крым', '299026', 10000.00, '2016-11-25 17:47:54', '2016-11-25 17:47:54'),
	(11, 1, 'Волков Дмитрий Васильевич', '+79780017415', 'Университеская 45', 'Репина 24 кв 90', 'Севастополь', 'Крым', '299026', 144899.00, '2016-11-25 17:53:28', '2016-11-25 17:53:28'),
	(12, 1, 'Волков Дмитрий Васильевич', '+79780017415', 'Университеская 45', 'Репина 24 кв 90', 'Севастополь', 'Крым', '299026', 144899.00, '2016-11-25 17:54:27', '2016-11-25 17:54:27'),
	(13, 1, 'Волков Дмитрий Васильевич', '+79780017415', 'Университеская 45', 'Репина 24 кв 90', 'Севастополь', 'Крым', '299026', 144899.00, '2016-11-25 17:59:51', '2016-11-25 17:59:51'),
	(14, 1, 'Волков Дмитрий Васильевич', '+79780017415', 'Репина 24 кв 89', 'Репина 24 кв 90', 'Севастополь', 'Крым', '299026', 39999.00, '2016-11-25 18:00:36', '2016-11-25 18:00:36'),
	(15, 9, 'Никулин Константин Викторович', '+79780017415', 'Университеская 45', '', 'Севастополь', 'Крым', '299026', 197999.00, '2016-11-25 19:36:59', '2016-11-25 19:36:59');
/*!40000 ALTER TABLE `orders` ENABLE KEYS */;


-- Дамп структуры для таблица shop.order_product
CREATE TABLE IF NOT EXISTS `order_product` (
  `id` int(10) unsigned NOT NULL AUTO_INCREMENT,
  `order_id` int(11) NOT NULL,
  `product_id` int(11) NOT NULL,
  `qty` int(11) NOT NULL,
  `price` decimal(10,2) NOT NULL,
  `reduced_price` decimal(10,2) NOT NULL,
  `total` decimal(10,2) NOT NULL,
  `total_reduced` decimal(10,2) NOT NULL,
  `created_at` timestamp NULL DEFAULT NULL,
  `updated_at` timestamp NULL DEFAULT NULL,
  PRIMARY KEY (`id`)
) ENGINE=InnoDB AUTO_INCREMENT=20 DEFAULT CHARSET=utf8 COLLATE=utf8_unicode_ci;

-- Дамп данных таблицы shop.order_product: ~19 rows (приблизительно)
/*!40000 ALTER TABLE `order_product` DISABLE KEYS */;
INSERT INTO `order_product` (`id`, `order_id`, `product_id`, `qty`, `price`, `reduced_price`, `total`, `total_reduced`, `created_at`, `updated_at`) VALUES
	(1, 1, 1, 1, 97100.00, 8999.00, 97100.00, 8999.00, NULL, NULL),
	(2, 2, 5, 1, 89999.00, 82999.00, 89999.00, 82999.00, NULL, NULL),
	(3, 2, 3, 1, 49000.00, 0.00, 49000.00, 0.00, NULL, NULL),
	(4, 3, 6, 1, 88899.00, 0.00, 88899.00, 0.00, NULL, NULL),
	(5, 4, 4, 1, 197999.00, 0.00, 197999.00, 0.00, NULL, NULL),
	(6, 5, 16, 1, 67999.00, 67500.00, 67999.00, 67500.00, NULL, NULL),
	(7, 5, 13, 1, 9000.00, 0.00, 9000.00, 0.00, NULL, NULL),
	(8, 6, 20, 1, 1199.00, 0.00, 1199.00, 0.00, NULL, NULL),
	(9, 7, 24, 1, 104999.00, 104900.00, 104999.00, 104900.00, NULL, NULL),
	(10, 8, 3, 1, 49000.00, 0.00, 49000.00, 0.00, NULL, NULL),
	(11, 8, 2, 2, 9999.00, 0.00, 19998.00, 0.00, NULL, NULL),
	(12, 9, 3, 1, 49000.00, 0.00, 49000.00, 0.00, NULL, NULL),
	(13, 10, 23, 1, 12990.00, 10000.00, 12990.00, 10000.00, NULL, NULL),
	(14, 11, 24, 1, 104999.00, 104900.00, 104999.00, 104900.00, NULL, NULL),
	(15, 12, 24, 1, 104999.00, 104900.00, 104999.00, 104900.00, NULL, NULL),
	(16, 13, 24, 1, 104999.00, 104900.00, 104999.00, 104900.00, NULL, NULL),
	(17, 13, 18, 1, 45000.00, 39999.00, 45000.00, 39999.00, NULL, NULL),
	(18, 14, 18, 1, 45000.00, 39999.00, 45000.00, 39999.00, NULL, NULL),
	(19, 15, 4, 1, 197999.00, 0.00, 197999.00, 0.00, NULL, NULL);
/*!40000 ALTER TABLE `order_product` ENABLE KEYS */;


-- Дамп структуры для таблица shop.password_resets
CREATE TABLE IF NOT EXISTS `password_resets` (
  `email` varchar(255) COLLATE utf8_unicode_ci NOT NULL,
  `token` varchar(255) COLLATE utf8_unicode_ci NOT NULL,
  `created_at` timestamp NOT NULL,
  KEY `password_resets_email_index` (`email`),
  KEY `password_resets_token_index` (`token`)
) ENGINE=InnoDB DEFAULT CHARSET=utf8 COLLATE=utf8_unicode_ci;

-- Дамп данных таблицы shop.password_resets: ~1 rows (приблизительно)
/*!40000 ALTER TABLE `password_resets` DISABLE KEYS */;
INSERT INTO `password_resets` (`email`, `token`, `created_at`) VALUES
	('nikitadergachov@gmail.com', '352e3e2311e9a4832eecc6e06acb8c90b518d5f2fcf2cc7a0658f9f98a9543c9', '2016-11-23 19:59:33');
/*!40000 ALTER TABLE `password_resets` ENABLE KEYS */;


-- Дамп структуры для таблица shop.products
CREATE TABLE IF NOT EXISTS `products` (
  `id` int(10) unsigned NOT NULL AUTO_INCREMENT,
  `product_name` varchar(255) COLLATE utf8_unicode_ci NOT NULL,
  `product_qty` int(11) NOT NULL,
  `product_sku` int(10) unsigned NOT NULL,
  `price` decimal(10,2) unsigned NOT NULL,
  `reduced_price` decimal(10,2) unsigned DEFAULT NULL,
  `cat_id` int(10) unsigned NOT NULL,
  `brand_id` int(10) unsigned NOT NULL,
  `featured` int(11) NOT NULL DEFAULT '0',
  `description` text COLLATE utf8_unicode_ci NOT NULL,
  `product_spec` text COLLATE utf8_unicode_ci,
  `created_at` timestamp NULL DEFAULT NULL,
  `updated_at` timestamp NULL DEFAULT NULL,
  PRIMARY KEY (`id`)
) ENGINE=InnoDB AUTO_INCREMENT=27 DEFAULT CHARSET=utf8 COLLATE=utf8_unicode_ci;

-- Дамп данных таблицы shop.products: ~25 rows (приблизительно)
/*!40000 ALTER TABLE `products` DISABLE KEYS */;
INSERT INTO `products` (`id`, `product_name`, `product_qty`, `product_sku`, `price`, `reduced_price`, `cat_id`, `brand_id`, `featured`, `description`, `product_spec`, `created_at`, `updated_at`) VALUES
	(2, 'Bosch MUC24B64RU', 1, 411306454, 9999.00, 0.00, 3, 4, 1, '<p><span>Если вы любите радовать своих близких вкусной домашней едой, но, вам жаль проводить на кухне слишком много времени, то вам поможет Мультиварка Bosch MUC24B64RU черный. 48 установленных на мультиварке программ смогут на долгое время обеспечить вам отдых от кухонных обязанностей, и в то же время накормить вкусно и сытно изысканными блюдами всю семью. Не нужно устанавливать время – программа AutoCookс удовольствием сделает это за вас. Для ежедневных экспериментов используйте книгу с удивительными рецептами, которую вы получите вместе с Bosch MUC24B64RU. 3D нагрев подогреет ваши блюда используя современную технологию прогрева продуктов со всех сторон. При этом цена приятно вас порадует – такая чудо-печь не сильно ударит по кошельку.</span><span>Если вы любите радовать своих близких вкусной домашней едой, но, вам жаль проводить на кухне слишком много времени, то вам поможет Мультиварка Bosch MUC24B64RU черный. 48 установленных на мультиварке программ смогут на долгое время обеспечить вам отдых от кухонных обязанностей, и в то же время накормить вкусно и сытно изысканными блюдами всю семью. Не нужно устанавливать время – программа AutoCookс удовольствием сделает это за вас. Для ежедневных экспериментов используйте книгу с удивительными рецептами, которую вы получите вместе с Bosch MUC24B64RU. 3D нагрев подогреет ваши блюда используя современную технологию прогрева продуктов со всех сторон. При этом цена приятно вас порадует – такая чудо-печь не сильно ударит по кошельку.</span></p>', '<p><strong><u><a href="javascript%3Avoid(0)" data-html="" data-toggle="popover" data-placement="right" data-trigger="hover" data-content-target="#characteristic-popover-00000000-0000-0000-0000-000000008587" data-original-title="" title=""></a>Основной цвет</u></strong></p><p>Чёрный</p><p><strong><u>Мощность&nbsp;</u></strong></p><p>900 Вт</p><p><a href="javascript%3Avoid(0)" data-html="" data-toggle="popover" data-placement="right" data-trigger="hover" data-content-target="#characteristic-popover-00000000-0000-0000-0000-000000008608" data-original-title="" title=""><strong><u>Кнопки и переключатели</u></strong></a></p><p>Сенсорная панель</p><p><a href="javascript%3Avoid(0)" data-html="" data-toggle="popover" data-placement="right" data-trigger="hover" data-content-target="#characteristic-popover-00000000-0000-0000-0000-000000008593" data-original-title="" title=""><strong><u>Количество автоматических программ</u></strong></a></p><p><span>48</span></p><p><a href="javascript%3Avoid(0)" data-html="" data-toggle="popover" data-placement="right" data-trigger="hover" data-content-target="#characteristic-popover-00000000-0000-0000-0000-000000008597" data-original-title="" title=""><strong><u>Таймер отсрочки</u></strong></a></p><p>Есть</p>', '2016-11-23 17:50:43', '2016-11-23 20:07:31'),
	(3, 'Samsung SM-G930F Galaxy S7 32 Gb', 2, 316923818, 49000.00, 0.00, 6, 1, 1, '<p><span>Ультрастильный смартфон Samsung SM-G930F Galaxy S7, произведенный в полном соответствии с мировыми стандартами качества, станет рациональным приобретением для человека, которому нужен максимально насыщенный в функциональных возможностях смартфон. Прибор оборудован большим количеством датчиков, в числе которых датчик отпечатков пальцев, компас, барометр, датчик освещения и т. д. Любой из этих датчиков может пригодиться при определенных условиях и выручить владельца смартфона. Хорошо продуманная архитектура Samsung SM-G930F Galaxy S7 предусматривает присутствие мощной основной камеры, которая вполне способна заменить полноценный фотоаппарат, т. к. отличается безукоризненным качеством создаваемых снимков. Работает она в паре с долговечной светодиодной вспышкой. Поставляется смартфон совместно с фирменными наушниками, USB-кабелем, зарядным устройством и аккумулятором типа Li-ion, емкость которого равна показателю в 3000 мА·ч. Вес аппарата составляет 152 г.</span></p>', '<p><a href="javascript%3A;" data-html="" data-toggle="popover" data-placement="right" data-trigger="hover" data-content-target="#characteristic-popover-00000000-0000-0000-0000-000000012004" data-original-title="" title="">Диагональ экрана</a></p><p>5.1</p><p><a href="javascript%3A;" data-html="" data-toggle="popover" data-placement="right" data-trigger="hover" data-content-target="#characteristic-popover-00000000-0000-0000-0000-000000012005" data-original-title="" title="">Разрешение экрана</a></p><p><span>2560x1440</span></p><p><a href="javascript%3A;" data-html="" data-toggle="popover" data-placement="right" data-trigger="hover" data-content-target="#characteristic-popover-00000000-0000-0000-0000-000000012006" data-original-title="" title="">Технология изготовления экрана</a></p><table><tbody><tr><td>Super Amoled<br><br>Модель процессора<br><br><span>Exynos 8 Octa 8890</span><br></td></tr></tbody></table><p><br></p><p>Оперативная память</p><p>4 Gb</p><p><a href="javascript%3A;" data-html="" data-toggle="popover" data-placement="right" data-trigger="hover" data-content-target="#characteristic-popover-00000000-0000-0000-0000-000000012018" data-original-title="" title="">Количество мегапикселей основной камеры</a></p><table><tbody><tr><td><br>12</td></tr></tbody></table><p><br></p><p><br></p><p><br></p><p><br></p>', '2016-11-23 18:34:30', '2016-11-23 20:07:14'),
	(4, 'MSI GT72VR 6RE-028RU DOMINATOR PRO', 1, 990193498, 197999.00, 0.00, 8, 5, 0, '<p><span>Компания MSI создала первый в мире игровой ноутбук с новейшим поколением графических карт NVIDIA GeForce GTX 10 Series. По ожиданиям экспертов производительность новой GeForce GTX 1070 должна более чем на 40% превысить показатели графических карт GeForce GTX 900M Series. Благодаря инновационной системе охлаждения Cooler Boost и специальным геймерским технологиям, применённым в игровых ноутбуках MSI Gaming, графическая карта новейшего поколения NVIDIA GeForce GTX 1070 сможет продемонстрировать всю свою мощь без остатка. Олицетворяя концепцию "Один клик до VR" и предлагая полное погружение в игровые вселенные с идеально плавным геймплеем, новые игровые ноутбуки MSI разбивают устоявшиеся стереотипы об исключительной производительности десктопов. Ноутбуки MSI Gaming готовы поразить любого геймера, заставив взглянуть на мобильные игровые системы по-новому.</span></p>', '', '2016-11-23 18:52:28', '2016-11-25 19:54:51'),
	(5, 'MSI GP62 Leopard Pro 6QF-465RU', 1, 950662342, 89999.00, 82999.00, 8, 5, 1, '<p><span>Ноутбук MSI GP62 Leopard Pro 6QF-465RU выполнен в классическом стиле и предлагается по выгодной цене. Его 15.6-дюймовый дисплей воспроизводит картинку в современном Full-HD-формате с достойным разрешением 1920x1080 пикселей. В ходе изготовления экрана использовалась TN+film технология. В основе ноутбука лежит мощный и сверхпроизводительный процессор Intel Core i7 6700HQ с 4 ядрами частотой 2.6 ГГц. Объем RAM-памяти у MSI GP62 Leopard Pro 6QF-465RU приравнивается к шестнадцати гигабайтам, что сравнительно немало. Игровым устройство делает видеокарта GeForce GTX 960M, улучшающая его графические возможности. Доступ к сети с помощью Wi-Fi производится на высокой скорости. Уже установленная ситема Windows 10 позволяет приступить к эксплуатации сразу же после покупки.</span></p>', '', '2016-11-23 18:54:50', '2016-11-25 16:01:18'),
	(6, 'LG GR-M802HEHM', 2, 206869030, 88899.00, 0.00, 10, 3, 0, '<p>Холодильник LG GR-M802HEHM, созданный одним из лидеров производства надежного холодильного оборудования, выполнен в теплом бежевом цвете. Такой холодильник подойдет к интерьерам, оформленным в древесных тонах. Холодильник широкий, поэтому открывать его двери удобно, а также это помогает расположить в его отделениях как можно больше продуктов и блюд. Благодаря системе LG Total No Frost морозильную камеру не нужно размораживать, а в холодильном отсеке меньше сырости и не образуются неприятные запахи. В специально разработанной зоне свежести можно удобно хранить свежее мясо или рыбу до их непосредственного приготовления, не подвергая заморозке. Уровень шума столь низок, что не превышает громкости человеческого шепота. Класс энергопотребления А++ на 25% меньше расходует электричества, чем класс А+, а значит позволяет действительно ощутимо экономить на оплате счетов за электроэнергию. Охлаждение аппарата обеспечивает хладагент R600a. Он не только безопасен для бытового использования, но и экологически безвреден, т.к. совершенно не влияет на озоновый слой.</p>', '<p><a href="javascript%3Avoid(0)" data-html="" data-toggle="popover" data-placement="right" data-trigger="hover" data-content-target="#characteristic-popover-00000000-0000-0000-0000-000000003850" data-original-title="" title=""><strong><u>Размораживание морозильной камеры</u></strong></a></p><p>No Frost</p><p><a href="javascript%3Avoid(0)" data-html="" data-toggle="popover" data-placement="right" data-trigger="hover" data-content-target="#characteristic-popover-00000000-0000-0000-0000-000000003832" data-original-title="" title=""><strong><u>Общий полезный объем</u></strong></a></p><p>600л</p><p><strong><u>Класс энергопотребления A++</u></strong></p>', '2016-11-23 18:59:35', '2016-11-25 19:54:47'),
	(7, '5" Смартфон LG D724 G3 S 8 Гб серый', 2, 941076917, 9000.00, 0.00, 6, 3, 0, '<p><span>Когда премиум 5" смартфон LG D724 G3 S оказывается в руках, вы начинаете осознавать истинную ценность этого устройства. За стильным и ультратонким корпусом скрываются мощные характеристики и безграничный функционал. И это не просто слова. Каждое из четырех ядер процессора работает на частоте 1,2 GHz, используется графический адаптер Adreno 305, а объем оперативного ЗУ составляет 1 Gb. Огромный экран LG D724 G3 S отличается высоким разрешением 1280х720, а его поверхность надежно защищается от царапин с помощью Gorilla Glass 3. Смотреть видео, играть, посещать интернет-странички с таким дисплеем – одно удовольствие. Несмотря на такую диагональ, 5" смартфон удобно располагается в руке. Доступно 8 Gb внутренней памяти, которая может быть расширена картой памяти до 32 Gb. Этого объема достаточно для хранения тысяч фотоснимков, сделанных на камеру 8 Mpx.</span></p>', '<table><tbody><tr><td colspan="2">Мобильная связь</td></tr><tr><td><a href="javascript%3Avoid(0)" data-html="" data-toggle="popover" data-placement="right" data-trigger="hover" data-content-target="#characteristic-popover-00000000-0000-0000-0000-000000014143" data-original-title="" title="">Поддержка сетей 4G (LTE)</a></td><td>нет</td></tr><tr><td colspan="2">Система</td></tr><tr><td><a href="javascript%3Avoid(0)" data-html="" data-toggle="popover" data-placement="right" data-trigger="hover" data-content-target="#characteristic-popover-00000000-0000-0000-0000-000000012030" data-original-title="" title="">Количество ядер</a></td><td>4</td></tr><tr><td><a href="javascript%3Avoid(0)" data-html="" data-toggle="popover" data-placement="right" data-trigger="hover" data-content-target="#characteristic-popover-00000000-0000-0000-0000-000000012031" data-original-title="" title="">Частота работы процессора</a></td><td>1.2 ГГц</td></tr><tr><td><a href="javascript%3Avoid(0)" data-html="" data-toggle="popover" data-placement="right" data-trigger="hover" data-content-target="#characteristic-popover-00000000-0000-0000-0000-000000012032" data-original-title="" title="">Объем оперативной памяти</a></td><td>1 Гб</td></tr><tr><td colspan="2">Камера</td></tr><tr><td><a href="javascript%3Avoid(0)" data-html="" data-toggle="popover" data-placement="right" data-trigger="hover" data-content-target="#characteristic-popover-00000000-0000-0000-0000-000000012018" data-original-title="" title="">Количество мегапикселей основной камеры</a></td><td>8</td></tr><tr><td><a href="javascript%3Avoid(0)" data-html="" data-toggle="popover" data-placement="right" data-trigger="hover" data-content-target="#characteristic-popover-00000000-0000-0000-0000-000000025177" data-original-title="" title="">Количество мегапикселей камеры для видеозвонков</a></td><td>1.3</td></tr><tr><td colspan="2">Питание</td></tr><tr><td><a href="javascript%3Avoid(0)" data-html="" data-toggle="popover" data-placement="right" data-trigger="hover" data-content-target="#characteristic-popover-00000000-0000-0000-0000-000000012039" data-original-title="" title="">Емкость аккумулятора</a></td><td>2540 мАч</td></tr></tbody></table>', '2016-11-25 15:43:46', '2016-11-25 15:43:46'),
	(8, '5.3" Смартфон LG H845 Titan G5 SE 32 Гб серебристый', 0, 817362954, 39990.00, 37000.00, 6, 3, 0, '<p style="">Смартфон LG H845 Titan G5 SE имеет 32 ГБ встроенной памяти, 3 ГБ – оперативной и доступную цену. Его производили на базе 8-ядерного процессора 1.8 ГГц , что дало ему невероятные функциональные возможности. Экран диагональю 5.3 дюймов производился в соответствии с популярной ныне технологией IPS и имеет разрешение 2560x1440 пикселей. Камера 16 Мп служит дополнительным функциональным преимуществом LG H845 Titan G5 SE. С ее помощью Ваши снимки получаются яркими, насыщенными и очень контрастными. Вспышка позволит снимать даже ночью. Доступ к высокоскоростному Интернету обеспечивается интерфейсами 3G, 4G, а к обычному домашнему – Wi-Fi. Дополнительными функциями служат GPS и FM-радио. Память можно улучшить с помощью стандартных microSD, а батарея 2800 мА·ч обеспечит многочасовую работу.</p>', '<table><tbody><tr><td colspan="2"><h2>Основные характеристики</h2><br><table><tbody><tr><td colspan="2">Мобильная связь</td></tr><tr><td><a href="javascript%3Avoid(0)" data-html="" data-toggle="popover" data-placement="right" data-trigger="hover" data-content-target="#characteristic-popover-00000000-0000-0000-0000-000000014143" data-original-title="" title="">Поддержка сетей 4G (LTE)</a></td><td>есть</td></tr><tr><td colspan="2">Система</td></tr><tr><td><a href="javascript%3Avoid(0)" data-html="" data-toggle="popover" data-placement="right" data-trigger="hover" data-content-target="#characteristic-popover-00000000-0000-0000-0000-000000012030" data-original-title="" title="">Количество ядер</a></td><td>8</td></tr><tr><td><a href="javascript%3Avoid(0)" data-html="" data-toggle="popover" data-placement="right" data-trigger="hover" data-content-target="#characteristic-popover-00000000-0000-0000-0000-000000012031" data-original-title="" title="">Частота работы процессора</a></td><td>1.8 ГГц</td></tr><tr><td><a href="javascript%3Avoid(0)" data-html="" data-toggle="popover" data-placement="right" data-trigger="hover" data-content-target="#characteristic-popover-00000000-0000-0000-0000-000000012032" data-original-title="" title="">Объем оперативной памяти</a></td><td>3 Гб</td></tr><tr><td colspan="2">Камера</td></tr><tr><td><a href="javascript%3Avoid(0)" data-html="" data-toggle="popover" data-placement="right" data-trigger="hover" data-content-target="#characteristic-popover-00000000-0000-0000-0000-000000012018" data-original-title="" title="">Количество мегапикселей основной камеры</a></td><td>16</td></tr><tr><td><a href="javascript%3Avoid(0)" data-html="" data-toggle="popover" data-placement="right" data-trigger="hover" data-content-target="#characteristic-popover-00000000-0000-0000-0000-000000025177" data-original-title="" title="">Количество мегапикселей камеры для видеозвонков</a></td><td>8</td></tr><tr><td colspan="2">Питание</td></tr><tr><td><a href="javascript%3Avoid(0)" data-html="" data-toggle="popover" data-placement="right" data-trigger="hover" data-content-target="#characteristic-popover-00000000-0000-0000-0000-000000012039" data-original-title="" title="">Емкость аккумулятора</a></td><td>2800 мАч</td></tr></tbody></table><br><br></td></tr><tr><td><br></td><td><br></td></tr></tbody></table>', '2016-11-25 15:46:57', '2016-12-02 18:20:17'),
	(9, '5" Смартфон ASUS ZenFone 2 ZE500CL 8 Гб красный', 3, 601828697, 8000.00, 0.00, 6, 2, 0, '<p>Zenfone 2 обладает эффектным и совершенным дизайном, сочетающим фирменные элементы ASUS, передающие стиль семейства Zen, с люксовым исполнением под шлифованный металл и выразительными деталями в виде концентрических кругов. Элегантный изогнутый корпус толщиной по краям всего 3,9 мм делает дизайн еще более привлекательным. Закругленные края улучшают удобство использования, а интуитивность использования была улучшена, в том числе, и за счет размещенного сзади регулятора громкости, идеально расположенного для использования указательным пальцем.</p>', '<h2>Основные характеристики</h2><p><br></p><table><tbody><tr><td colspan="2">Мобильная связь</td></tr><tr><td><a href="javascript%3Avoid(0)" data-html="" data-toggle="popover" data-placement="right" data-trigger="hover" data-content-target="#characteristic-popover-00000000-0000-0000-0000-000000014143" data-original-title="" title="">Поддержка сетей 4G (LTE)</a></td><td>есть</td></tr><tr><td colspan="2">Система</td></tr><tr><td><a href="javascript%3Avoid(0)" data-html="" data-toggle="popover" data-placement="right" data-trigger="hover" data-content-target="#characteristic-popover-00000000-0000-0000-0000-000000012030" data-original-title="" title="">Количество ядер</a></td><td>2</td></tr><tr><td><a href="javascript%3Avoid(0)" data-html="" data-toggle="popover" data-placement="right" data-trigger="hover" data-content-target="#characteristic-popover-00000000-0000-0000-0000-000000012031" data-original-title="" title="">Частота работы процессора</a></td><td>1.6 ГГц</td></tr><tr><td><a href="javascript%3Avoid(0)" data-html="" data-toggle="popover" data-placement="right" data-trigger="hover" data-content-target="#characteristic-popover-00000000-0000-0000-0000-000000012032" data-original-title="" title="">Объем оперативной памяти</a></td><td>2 Гб</td></tr><tr><td colspan="2">Камера</td></tr><tr><td><a href="javascript%3Avoid(0)" data-html="" data-toggle="popover" data-placement="right" data-trigger="hover" data-content-target="#characteristic-popover-00000000-0000-0000-0000-000000012018" data-original-title="" title="">Количество мегапикселей основной камеры</a></td><td>8</td></tr><tr><td><a href="javascript%3Avoid(0)" data-html="" data-toggle="popover" data-placement="right" data-trigger="hover" data-content-target="#characteristic-popover-00000000-0000-0000-0000-000000025177" data-original-title="" title="">Количество мегапикселей камеры для видеозвонков</a></td><td>2</td></tr><tr><td colspan="2">Питание</td></tr><tr><td><a href="javascript%3Avoid(0)" data-html="" data-toggle="popover" data-placement="right" data-trigger="hover" data-content-target="#characteristic-popover-00000000-0000-0000-0000-000000012039" data-original-title="" title="">Емкость аккумулятора</a></td><td>2500 мАч</td></tr></tbody></table><p><br></p><p><br></p>', '2016-11-25 15:49:35', '2016-11-25 16:00:18'),
	(10, '5.5" Смартфон ASUS ZenFone Selfie ZD551KL 16 Гб красный', 2, 868576576, 15990.00, 0.00, 6, 2, 1, '<p>ASUS ZenFone Selfie ZD551KL создан специально для любителей делать селфи. Корпус модели сделан из пластика, имеет стильный красный цвет, что делает модель яркой и заметной. Она способна работать в режиме сотового телефона благодаря наличию 2-х слотов для SIM-карт. ASUS ZenFone Selfie ZD551KL имеет большую, но удобную для мобильных устройств диагональ экрана – 5.5". Плотность пикселей составляет 401 PPI, что является весьма высоким показателем, который гарантирует качество картинки. В наличии защитное покрытие Gorilla Glass 4, который убережет IPS матрицу от механического воздействия. Работает устройство под управлением операционной системы Android, чипом, обеспечивающим производительность является Snapdragon 615 (8 ядер, рабочая частота – 1 - 1.7 ГГц. Что же касается камер, то здесь к услугам пользователя 5-ти элементная линза, а также CMOS-матрица. С такой оптикой вы сможете снимать видео в формате высокой четкости. Селфи-камера также способна порадовать числом мегапикселей, которая составляет 13 Мп.</p>', '<h2>Основные характеристики</h2><p><br></p><table><tbody><tr><td colspan="2">Мобильная связь</td></tr><tr><td><a href="javascript%3Avoid(0)" data-html="" data-toggle="popover" data-placement="right" data-trigger="hover" data-content-target="#characteristic-popover-00000000-0000-0000-0000-000000014143" data-original-title="" title="">Поддержка сетей 4G (LTE)</a></td><td>есть</td></tr><tr><td colspan="2">Система</td></tr><tr><td><a href="javascript%3Avoid(0)" data-html="" data-toggle="popover" data-placement="right" data-trigger="hover" data-content-target="#characteristic-popover-00000000-0000-0000-0000-000000012030" data-original-title="" title="">Количество ядер</a></td><td>8</td></tr><tr><td><a href="javascript%3Avoid(0)" data-html="" data-toggle="popover" data-placement="right" data-trigger="hover" data-content-target="#characteristic-popover-00000000-0000-0000-0000-000000012031" data-original-title="" title="">Частота работы процессора</a></td><td>1.7 ГГц, 1 ГГц</td></tr><tr><td><a href="javascript%3Avoid(0)" data-html="" data-toggle="popover" data-placement="right" data-trigger="hover" data-content-target="#characteristic-popover-00000000-0000-0000-0000-000000012032" data-original-title="" title="">Объем оперативной памяти</a></td><td>2 Гб</td></tr><tr><td colspan="2">Камера</td></tr><tr><td><a href="javascript%3Avoid(0)" data-html="" data-toggle="popover" data-placement="right" data-trigger="hover" data-content-target="#characteristic-popover-00000000-0000-0000-0000-000000012018" data-original-title="" title="">Количество мегапикселей основной камеры</a></td><td>13</td></tr><tr><td><a href="javascript%3Avoid(0)" data-html="" data-toggle="popover" data-placement="right" data-trigger="hover" data-content-target="#characteristic-popover-00000000-0000-0000-0000-000000025177" data-original-title="" title="">Количество мегапикселей камеры для видеозвонков</a></td><td>13</td></tr><tr><td colspan="2">Питание</td></tr><tr><td><a href="javascript%3Avoid(0)" data-html="" data-toggle="popover" data-placement="right" data-trigger="hover" data-content-target="#characteristic-popover-00000000-0000-0000-0000-000000012039" data-original-title="" title="">Емкость аккумулятора</a></td><td>3000 мАч</td></tr></tbody></table><p><br></p><p><br></p>', '2016-11-25 15:51:55', '2016-11-25 15:59:44'),
	(11, '5.7" Смартфон Samsung SM-N910C Galaxy Note 4 32 Гб белый', 0, 706278925, 40000.00, 35000.00, 6, 2, 1, '<p>Для осуществления звонков по мобильной связи посредством 5.7" смартфона Samsung SM-N910C Galaxy Note 4 была реализована поддержка технологий 2G/3G/4G. В многофункциональном аппарате предусмотрено одно гнездо для микро сим-карты, чьи размеры равны 1,5х1,2х0,076 см. Непрерывно разговаривать без подзарядок можно в течение 21 ч, что обусловлено наличием энергосберегающих технологий и повышением емкости литий-ионной АКБ. Неотъемлемой частью Samsung SM-N910C Galaxy Note 4 является наличие акселерометра, который необходим для автоматического поворота картинки на экране в зависимости от положения корпуса (горизонтального либо вертикального). Наличие барометра и датчика по отпечаткам пальцев расширяет функционал устройства, а при помощи датчика Холла работает функция электронного компаса. Две камеры на противоположных панелях смартфона служат для видеосвязи и фотографии. В фотокамере есть съемка панорамы, мультикадровая съемка и другие режимы.</p>', '<table><tbody><tr><td colspan="2">Мобильная связь</td></tr><tr><td><a href="javascript%3Avoid(0)" data-html="" data-toggle="popover" data-placement="right" data-trigger="hover" data-content-target="#characteristic-popover-00000000-0000-0000-0000-000000014143" data-original-title="" title="">Поддержка сетей 4G (LTE)</a></td><td>есть</td></tr><tr><td colspan="2">Система</td></tr><tr><td><a href="javascript%3Avoid(0)" data-html="" data-toggle="popover" data-placement="right" data-trigger="hover" data-content-target="#characteristic-popover-00000000-0000-0000-0000-000000012030" data-original-title="" title="">Количество ядер</a></td><td>8</td></tr><tr><td><a href="javascript%3Avoid(0)" data-html="" data-toggle="popover" data-placement="right" data-trigger="hover" data-content-target="#characteristic-popover-00000000-0000-0000-0000-000000012031" data-original-title="" title="">Частота работы процессора</a></td><td>1.9 ГГц</td></tr><tr><td><a href="javascript%3Avoid(0)" data-html="" data-toggle="popover" data-placement="right" data-trigger="hover" data-content-target="#characteristic-popover-00000000-0000-0000-0000-000000012032" data-original-title="" title="">Объем оперативной памяти</a></td><td>3 Гб</td></tr><tr><td colspan="2">Камера</td></tr><tr><td><a href="javascript%3Avoid(0)" data-html="" data-toggle="popover" data-placement="right" data-trigger="hover" data-content-target="#characteristic-popover-00000000-0000-0000-0000-000000012018" data-original-title="" title="">Количество мегапикселей основной камеры</a></td><td>16</td></tr><tr><td><a href="javascript%3Avoid(0)" data-html="" data-toggle="popover" data-placement="right" data-trigger="hover" data-content-target="#characteristic-popover-00000000-0000-0000-0000-000000025177" data-original-title="" title="">Количество мегапикселей камеры для видеозвонков</a></td><td>3.7</td></tr><tr><td colspan="2">Питание</td></tr><tr><td><a href="javascript%3Avoid(0)" data-html="" data-toggle="popover" data-placement="right" data-trigger="hover" data-content-target="#characteristic-popover-00000000-0000-0000-0000-000000012039" data-original-title="" title="">Емкость аккумулятора</a></td><td>3220 мАч</td></tr></tbody></table><p><br></p><p><br></p>', '2016-11-25 15:56:59', '2016-12-02 19:43:48'),
	(12, 'Холодильник LG GC-B207GVQV белый', 1, 725585957, 110000.00, 97000.00, 10, 3, 0, '<p>Белый двустворчатый холодильник LG GC-B207GVQV позволит создать большие запасы на случай прихода гостей или если вы не любите часто ходить в магазин, а предпочитаете закупаться в выходные. Морозильная камера объемом 180 л представлена 3 ящиками и 3 полками для хранения продуктов, а холодильная – 4 стеклянными полками и ящиком для овощей и фруктов, а также ящиком с зоной свежести. Управлять функционалом холодильника можно с электронного дисплея, а дверцы и переключение режимов можно заблокировать, если в доме есть маленькие дети.</p>', '<table><tbody><tr><td colspan="2">Общие параметры</td></tr><tr><td><a href="javascript%3Avoid(0)" data-html="" data-toggle="popover" data-placement="right" data-trigger="hover" data-content-target="#characteristic-popover-00000000-0000-0000-0000-000000016775" data-original-title="" title="">Основной цвет</a></td><td>белый</td></tr><tr><td colspan="2">Основные характеристики</td></tr><tr><td><a href="javascript%3Avoid(0)" data-html="" data-toggle="popover" data-placement="right" data-trigger="hover" data-content-target="#characteristic-popover-00000000-0000-0000-0000-000000016779" data-original-title="" title="">Размораживание холодильной камеры</a></td><td>No Frost</td></tr><tr><td><a href="javascript%3Avoid(0)" data-html="" data-toggle="popover" data-placement="right" data-trigger="hover" data-content-target="#characteristic-popover-00000000-0000-0000-0000-000000016780" data-original-title="" title="">Размораживание морозильной камеры</a></td><td>No Frost</td></tr><tr><td colspan="2">Объем</td></tr><tr><td><a href="javascript%3Avoid(0)" data-html="" data-toggle="popover" data-placement="right" data-trigger="hover" data-content-target="#characteristic-popover-00000000-0000-0000-0000-000000016787" data-original-title="" title="">Общий полезный объем</a></td><td>532 л</td></tr><tr><td colspan="2">Габариты и вес</td></tr><tr><td><a href="javascript%3Avoid(0)" data-html="" data-toggle="popover" data-placement="right" data-trigger="hover" data-content-target="#characteristic-popover-00000000-0000-0000-0000-000000016811" data-original-title="" title="">Ширина</a></td><td>89.4 см</td></tr><tr><td><a href="javascript%3Avoid(0)" data-html="" data-toggle="popover" data-placement="right" data-trigger="hover" data-content-target="#characteristic-popover-00000000-0000-0000-0000-000000016812" data-original-title="" title="">Высота</a></td><td>175.3 см</td></tr><tr><td><a href="javascript%3Avoid(0)" data-html="" data-toggle="popover" data-placement="right" data-trigger="hover" data-content-target="#characteristic-popover-00000000-0000-0000-0000-000000016813" data-original-title="" title="">Глубина</a></td><td>72.5 см</td></tr></tbody></table>', '2016-11-25 16:05:47', '2016-12-02 20:54:13'),
	(13, 'Мультиварка Redmond RMK-M451 серебристый', 4, 388022869, 9000.00, 0.00, 3, 6, 0, '<p style=""><span>Мультиварка Redmond RMK-M451 – это 1000 Вт мощности, чаша на пять литров с антипригарным покрытием и масса приятных функциональных возможностей и дополнительных опций, которые значительно облегчат процесс приготовления пищи. В устройстве имеются 13 автоматических и 27 ручных программ готовки, выбирать которые легко с помощью тактовых кнопок. Одно это устройство способно с успехом заменить пароварку, фондюшницу, фритюрницу. Особенностью данной модели является технология MASTERFRY – она позволяет поднимать нагревательный элемент (ТЭН) на удобный для поджарки продуктов уровень и при этом не опасаться обжечь руки. Для этого в комплекте к Redmond RMK-M451 идет сковорода.</span></p>', '<table><tbody><tr><td colspan="2">Общие параметры</td></tr><tr><td><a href="javascript%3Avoid(0)" data-html="" data-toggle="popover" data-placement="right" data-trigger="hover" data-content-target="#characteristic-popover-00000000-0000-0000-0000-000000008587" data-original-title="" title="">Основной цвет</a></td><td>серебристый</td></tr><tr><td colspan="2">Основные характеристики</td></tr><tr><td><a href="javascript%3Avoid(0)" data-html="" data-toggle="popover" data-placement="right" data-trigger="hover" data-content-target="#characteristic-popover-00000000-0000-0000-0000-000000008592" data-original-title="" title="">Мощность</a></td><td>1000 Вт</td></tr><tr><td><a href="javascript%3Avoid(0)" data-html="" data-toggle="popover" data-placement="right" data-trigger="hover" data-content-target="#characteristic-popover-00000000-0000-0000-0000-000000008591" data-original-title="" title="">Объем чаши</a></td><td>5 л</td></tr><tr><td><a href="javascript%3Avoid(0)" data-html="" data-toggle="popover" data-placement="right" data-trigger="hover" data-content-target="#characteristic-popover-00000000-0000-0000-0000-000000008608" data-original-title="" title="">Кнопки и переключатели</a></td><td>тактовые кнопки</td></tr><tr><td><a href="javascript%3Avoid(0)" data-html="" data-toggle="popover" data-placement="right" data-trigger="hover" data-content-target="#characteristic-popover-00000000-0000-0000-0000-000000008593" data-original-title="" title="">Количество автоматических программ</a></td><td>13</td></tr><tr><td><a href="javascript%3Avoid(0)" data-html="" data-toggle="popover" data-placement="right" data-trigger="hover" data-content-target="#characteristic-popover-00000000-0000-0000-0000-000000008597" data-original-title="" title="">Таймер отсрочки</a></td><td>есть</td></tr><tr><td colspan="2">Функции и режимы</td></tr><tr><td><a href="javascript%3Avoid(0)" data-html="" data-toggle="popover" data-placement="right" data-trigger="hover" data-content-target="#characteristic-popover-00000000-0000-0000-0000-000000012376" data-original-title="" title="">Ручной выбор времени приготовления</a></td><td style="">есть</td></tr></tbody></table>', '2016-11-25 16:11:07', '2016-11-25 19:54:42'),
	(14, 'Блендер Bosch MSM 6B700 белый', 4, 782434266, 2900.00, 2600.00, 11, 4, 1, '<p style=""><span>Погружной блендер Bosch MSM 6B700 классического белого цвета по достоинству оценят даже самые требовательные хозяйки. А стоимость этого удобного и многофункционального прибора приятно Вас удивит. Мощность модели составляет 350 Вт, ее будет достаточно, чтобы взбить, перемешать или измельчить любые ингредиенты. Погружная часть выполнена их нержавеющего металла, а корпус пластиковый, за счет чего блендер легкий и удобный. Объем прилагаемого кувшина составляет 700 мл. Комплектация Bosch MSM 6B700: измельчитель, венчик для взбивания, мельничка и мерный стакан. Блендер работает тихо, легко разбирается и моется. Все детали сделаны качественно. Данная модель станет отличным подарком и надежным помощником на кухне.</span></p>', '<table><tbody><tr><td colspan="2">Общие параметры</td></tr><tr><td><a href="javascript%3Avoid(0)" data-html="" data-toggle="popover" data-placement="right" data-trigger="hover" data-content-target="#characteristic-popover-00000000-0000-0000-0000-000000003488" data-original-title="" title="">Вид</a></td><td>погружной</td></tr><tr><td><a href="javascript%3Avoid(0)" data-html="" data-toggle="popover" data-placement="right" data-trigger="hover" data-content-target="#characteristic-popover-00000000-0000-0000-0000-000000010671" data-original-title="" title="">Основной цвет</a></td><td>белый</td></tr><tr><td colspan="2">Основные характеристики</td></tr><tr><td><a href="javascript%3Avoid(0)" data-html="" data-toggle="popover" data-placement="right" data-trigger="hover" data-content-target="#characteristic-popover-00000000-0000-0000-0000-000000003489" data-original-title="" title="">Максимальная мощность</a></td><td>350 Вт</td></tr><tr><td><a href="javascript%3Avoid(0)" data-html="" data-toggle="popover" data-placement="right" data-trigger="hover" data-content-target="#characteristic-popover-00000000-0000-0000-0000-000000003490" data-original-title="" title="">Количество скоростей</a></td><td>1</td></tr><tr><td><a href="javascript%3Avoid(0)" data-html="" data-toggle="popover" data-placement="right" data-trigger="hover" data-content-target="#characteristic-popover-00000000-0000-0000-0000-000000003509" data-original-title="" title="">Материал корпуса</a></td><td>пластик</td></tr><tr><td colspan="2">Комфорт</td></tr><tr><td><a href="javascript%3Avoid(0)" data-html="" data-toggle="popover" data-placement="right" data-trigger="hover" data-content-target="#characteristic-popover-00000000-0000-0000-0000-000000003497" data-original-title="" title="">Импульсный режим</a></td><td style="">нет</td></tr></tbody></table>', '2016-11-25 16:17:49', '2016-11-25 19:55:00'),
	(15, 'Холодильник с морозильником Samsung RB37J5200SA WT серебристый', 3, 827724069, 45000.00, 0.00, 10, 1, 0, '<p style=""><span>Вместительный двухкамерный холодильник Samsung RB37J5200SA/WT станет прекрасным приобретением для большой семьи. Несмотря на то, что модель не будет занимать много рабочего пространства кухни, она готова вместить в себя колоссальный объем продуктов. Это обусловлено высотой холодильника в 201 см, которая компенсирует его параметры в ширину и глубину. Заявленный класс энергопотребления А+ позволяет существенно снизить расходы на электричество. Холодильник не только стильно выглядит, но и обладает рядом дополнительных функций, миссия которых – сделать жизнь владельца максимально комфортной. С помощью сенсорного дисплея, встроенного в фасад модели, доступно управление температурными режимами: «Суперохлаждение», «Суперзаморозка» и «Отпуск». Размораживание обеих камер происходит по типу No Frost: направленные в стороны потоки воздуха, циркулируют внутри отделений. Таким образом, инею не удается оседать на поверхностях аппарата, а значит, ему не нужна утомительная ручная разморозка.</span></p>', '<table><tbody><tr><td colspan="2">Общие параметры</td></tr><tr><td><a href="javascript%3Avoid(0)" data-html="" data-toggle="popover" data-placement="right" data-trigger="hover" data-content-target="#characteristic-popover-00000000-0000-0000-0000-000000010851" data-original-title="" title="">Основной цвет</a></td><td>серебристый</td></tr><tr><td colspan="2">Основные характеристики</td></tr><tr><td><a href="javascript%3Avoid(0)" data-html="" data-toggle="popover" data-placement="right" data-trigger="hover" data-content-target="#characteristic-popover-00000000-0000-0000-0000-000000003848" data-original-title="" title="">Размораживание холодильной камеры</a></td><td>No Frost</td></tr><tr><td><a href="javascript%3Avoid(0)" data-html="" data-toggle="popover" data-placement="right" data-trigger="hover" data-content-target="#characteristic-popover-00000000-0000-0000-0000-000000003850" data-original-title="" title="">Размораживание морозильной камеры</a></td><td>No Frost</td></tr><tr><td colspan="2">Объем</td></tr><tr><td><a href="javascript%3Avoid(0)" data-html="" data-toggle="popover" data-placement="right" data-trigger="hover" data-content-target="#characteristic-popover-00000000-0000-0000-0000-000000003832" data-original-title="" title="">Общий полезный объем</a></td><td>367 л</td></tr><tr><td colspan="2">Габариты и вес</td></tr><tr><td><a href="javascript%3Avoid(0)" data-html="" data-toggle="popover" data-placement="right" data-trigger="hover" data-content-target="#characteristic-popover-00000000-0000-0000-0000-000000007210" data-original-title="" title="">Ширина</a></td><td>59.5 см</td></tr><tr><td><a href="javascript%3Avoid(0)" data-html="" data-toggle="popover" data-placement="right" data-trigger="hover" data-content-target="#characteristic-popover-00000000-0000-0000-0000-000000007212" data-original-title="" title="">Высота</a></td><td>201 см</td></tr><tr><td><a href="javascript%3Avoid(0)" data-html="" data-toggle="popover" data-placement="right" data-trigger="hover" data-content-target="#characteristic-popover-00000000-0000-0000-0000-000000007208" data-original-title="" title="">Глубина</a></td><td style="">69.7 см</td></tr></tbody></table>', '2016-11-25 16:21:04', '2016-11-25 16:21:04'),
	(16, '4.7" Смартфон Apple iPhone 7 128 Гб розовый', 3, 145473303, 67999.00, 67500.00, 6, 8, 1, '<p style=""><span>Приятный розовый корпус смартфона Apple iPhone 7 в сочетании с элегантным дизайном покоряет с первого взгляда. Его 4.7-дюймовый экран покрыт прочным стеклом, а сам смартфон теперь защищен от брызг и ударов. Экран обладает повышенной яркостью, смотреть на нем фото и видео еще приятнее. Вас также обрадуют и возможности его 6-линзовой камеры с опцией стабилизации изображения. Благодаря мощной светодиодной вспышке вы можете делать высококачественные снимки даже ночью. Снимайте фото в разрешении 4032x3024 пикселей и видео в стандарте Ultra HD 4K. Ваши возможности для творчества теперь значительно расширились. Наличие памяти в 128 Гб позволит не думать о количестве сделанных фотографий и видеороликов. Поддержка большого диапазона частот в стандартах 3G/4G (LTE) обеспечит отличную связь без сбоев, а также максимально быстрый Интернет. С поддержкой технологии NFC и Bluetooth 4.2 обмениваться данными максимально просто. Габариты Apple iPhone 7: 67.1x138.3x7.1 миллиметров. Мощный 4-ядерный процессор обеспечивает максимальное быстродействие и грамотный расход энергии.</span></p><table><tbody><tr><td colspan="2" style=""><br></td></tr><tr><td style=""><br></td><td style=""><br></td></tr><tr><td colspan="2" style=""><br></td></tr><tr><td style=""><br></td><td style=""><br></td></tr><tr><td style=""><br></td><td style=""><br></td></tr><tr><td style=""><br></td><td style=""><br></td></tr><tr><td colspan="2" style=""><br></td></tr><tr><td style=""><br></td><td style=""><br></td></tr><tr><td style=""><br></td><td style=""><br></td></tr><tr><td colspan="2" style=""><br></td></tr><tr><td style=""><br></td><td style=""><br></td></tr></tbody></table>', '<table><tbody><tr><td colspan="2">Мобильная связь</td></tr><tr><td><a href="javascript%3Avoid(0)" data-html="" data-toggle="popover" data-placement="right" data-trigger="hover" data-content-target="#characteristic-popover-00000000-0000-0000-0000-000000014143" data-original-title="" title="">Поддержка сетей 4G (LTE)</a></td><td>есть</td></tr><tr><td colspan="2">Система</td></tr><tr><td><a href="javascript%3Avoid(0)" data-html="" data-toggle="popover" data-placement="right" data-trigger="hover" data-content-target="#characteristic-popover-00000000-0000-0000-0000-000000012030" data-original-title="" title="">Количество ядер</a></td><td>4</td></tr><tr><td><a href="javascript%3Avoid(0)" data-html="" data-toggle="popover" data-placement="right" data-trigger="hover" data-content-target="#characteristic-popover-00000000-0000-0000-0000-000000012031" data-original-title="" title="">Частота работы процессора</a></td><td>2.37 ГГц</td></tr><tr><td><a href="javascript%3Avoid(0)" data-html="" data-toggle="popover" data-placement="right" data-trigger="hover" data-content-target="#characteristic-popover-00000000-0000-0000-0000-000000012032" data-original-title="" title="">Объем оперативной памяти</a></td><td>2 Гб</td></tr><tr><td colspan="2">Камера</td></tr><tr><td><a href="javascript%3Avoid(0)" data-html="" data-toggle="popover" data-placement="right" data-trigger="hover" data-content-target="#characteristic-popover-00000000-0000-0000-0000-000000012018" data-original-title="" title="">Количество мегапикселей основной камеры</a></td><td>12</td></tr><tr><td><a href="javascript%3Avoid(0)" data-html="" data-toggle="popover" data-placement="right" data-trigger="hover" data-content-target="#characteristic-popover-00000000-0000-0000-0000-000000025177" data-original-title="" title="">Количество мегапикселей камеры для видеозвонков</a></td><td>7</td></tr><tr><td colspan="2">Питание</td></tr><tr><td><a href="javascript%3Avoid(0)" data-html="" data-toggle="popover" data-placement="right" data-trigger="hover" data-content-target="#characteristic-popover-00000000-0000-0000-0000-000000012039" data-original-title="" title="">Емкость аккумулятора</a></td><td style="">1960 мАч</td></tr></tbody></table>', '2016-11-25 16:25:49', '2016-11-25 16:25:49'),
	(17, '10.1" Планшет ASUS MeMO Pad FHD 10 ME302KL 16 Гб 3G, LTE синий', 1, 465965758, 5900.00, 0.00, 12, 2, 0, '<p style=""><span>Планшет Asus MemoPad FHD 10 LTE ME302KL является ярким представителем эргономичности в современном дизайне и выполнен в черном цвете. Емкостный экран создан с применением IPS-матрицы, которая придает картинке ярких красок. Устройство способно воспроизводить формат Full HD, что станет приятным бонусом для любителей широкоформатного изображения. Планшет может одновременно справляться с множеством запущенных приложений, которые с высокой скоростью обрабатывают 2 ГБ ОЗУ. Стабильная и быстрая работа модели Asus MemoPad FHD 10 LTE ME302KL происходит под управлением четырехъядерного процессора Snapdragon S4 Pro APQ8064 с минимальной частотой работы в 1500 ГГц. Наличие 3G- и LTE-модулей позволяет оставаться на связи в скоростных мобильных сетях.</span></p>', '<table><tbody><tr><td colspan="2">Экран</td></tr><tr><td><a href="javascript%3Avoid(0)" data-html="" data-toggle="popover" data-placement="right" data-trigger="hover" data-content-target="#characteristic-popover-00000000-0000-0000-0000-000000001022" data-original-title="" title="">Диагональ экрана</a></td><td>10.1"</td></tr><tr><td><a href="javascript%3Avoid(0)" data-html="" data-toggle="popover" data-placement="right" data-trigger="hover" data-content-target="#characteristic-popover-00000000-0000-0000-0000-000000001024" data-original-title="" title="">Технология изготовления экрана</a></td><td>IPS</td></tr><tr><td colspan="2">Система</td></tr><tr><td><a href="javascript%3Avoid(0)" data-html="" data-toggle="popover" data-placement="right" data-trigger="hover" data-content-target="#characteristic-popover-00000000-0000-0000-0000-000000001014" data-original-title="" title="">Операционная система</a></td><td>Android 4.x+</td></tr><tr><td><a href="javascript%3Avoid(0)" data-html="" data-toggle="popover" data-placement="right" data-trigger="hover" data-content-target="#characteristic-popover-00000000-0000-0000-0000-000000001016" data-original-title="" title="">Частота процессора</a></td><td>1.5 ГГц</td></tr><tr><td><a href="javascript%3Avoid(0)" data-html="" data-toggle="popover" data-placement="right" data-trigger="hover" data-content-target="#characteristic-popover-00000000-0000-0000-0000-000000001018" data-original-title="" title="">Оперативная память</a></td><td>2 Гб</td></tr><tr><td><a href="javascript%3Avoid(0)" data-html="" data-toggle="popover" data-placement="right" data-trigger="hover" data-content-target="#characteristic-popover-00000000-0000-0000-0000-000000001019" data-original-title="" title="">Встроенная память</a></td><td>16 Гб</td></tr><tr><td colspan="2">Беспроводная связь</td></tr><tr><td><a href="javascript%3Avoid(0)" data-html="" data-toggle="popover" data-placement="right" data-trigger="hover" data-content-target="#characteristic-popover-00000000-0000-0000-0000-000000001563" data-original-title="" title="">Модуль сотовой связи</a></td><td style="">3G, 4G (LTE)</td></tr></tbody></table>', '2016-11-25 16:28:41', '2016-11-25 16:28:41'),
	(18, '15.6" Ноутбук Acer Aspire E5-575G-39M5 черный', 1, 190179726, 45000.00, 39999.00, 8, 9, 1, '<p style=""><span>15.6-дюймовый ноутбук Acer Aspire E5-575G-39M5 привлекает ценой, качеством и функциональностью. Его черный корпус выполнялся в классическом стиле из надежного и износостойкого пластика. Клавиатура оснащена дополнительным цифровым блоком, благодаря чему на ней комфортно работать. Залогом высокой производительности ноутбука послужил Intel Core i3 6100U – процессор с 2 ядрами и частотой 2.3 ГГц. Устройство быстро справляется с различными задачами, позволяет загружать и полноценно использовать большой объем современных программ. Acer Aspire E5-575G-39M5 оснащен TN+film-экраном, который воспроизводит высококачественное изображение в формате Full HD с внушительным разрешением 1920x1080. Благодаря видеокарте GeForce 940MX графика ноутбука стала соответствовать требованиям продвинутого пользователя. Установленная операционная система Windows 10 отличается универсальностью.</span></p>', '<table><tbody><tr><td colspan="2">Экран</td></tr><tr><td><a href="javascript%3Avoid(0)" data-html="" data-toggle="popover" data-placement="right" data-trigger="hover" data-content-target="#characteristic-popover-00000000-0000-0000-0000-000000007988" data-original-title="" title="">Диагональ экрана</a></td><td>15.6"</td></tr><tr><td colspan="2">Процессор</td></tr><tr><td><a href="javascript%3Avoid(0)" data-html="" data-toggle="popover" data-placement="right" data-trigger="hover" data-content-target="#characteristic-popover-00000000-0000-0000-0000-000000008004" data-original-title="" title="">Линейка процессора</a></td><td>Intel Core i3</td></tr><tr><td><a href="javascript%3Avoid(0)" data-html="" data-toggle="popover" data-placement="right" data-trigger="hover" data-content-target="#characteristic-popover-00000000-0000-0000-0000-000000008013" data-original-title="" title="">Частота</a></td><td>2.3 ГГц</td></tr><tr><td colspan="2">Оперативная память</td></tr><tr><td><a href="javascript%3Avoid(0)" data-html="" data-toggle="popover" data-placement="right" data-trigger="hover" data-content-target="#characteristic-popover-00000000-0000-0000-0000-000000008034" data-original-title="" title="">Размер оперативной памяти</a></td><td>4 Гб</td></tr><tr><td colspan="2">Графический ускоритель</td></tr><tr><td><a href="javascript%3Avoid(0)" data-html="" data-toggle="popover" data-placement="right" data-trigger="hover" data-content-target="#characteristic-popover-00000000-0000-0000-0000-000000008049" data-original-title="" title="">Модель дискретной видеокарты</a></td><td>GeForce 940MX</td></tr><tr><td colspan="2">Накопители данных</td></tr><tr><td><a href="javascript%3Avoid(0)" data-html="" data-toggle="popover" data-placement="right" data-trigger="hover" data-content-target="#characteristic-popover-00000000-0000-0000-0000-000000008064" data-original-title="" title="">Общий объём жестких дисков (HDD)</a></td><td>1 Тб</td></tr><tr><td><a href="javascript%3Avoid(0)" data-html="" data-toggle="popover" data-placement="right" data-trigger="hover" data-content-target="#characteristic-popover-00000000-0000-0000-0000-000000008070" data-original-title="" title="">Общий объем твердотельных накопителей (SSD)</a></td><td style="">нет</td></tr></tbody></table>', '2016-11-25 16:32:15', '2016-11-25 16:32:15'),
	(19, '11.6" Ноутбук Apple MacBook Air (Z0RK0001Z) серый', 1, 118272138, 79999.00, 0.00, 8, 8, 1, '<p style=""><span>11.6" Ноутбук Apple MacBook Air (Z0RK0001Z) серый в прочном металлическом корпусе является не только удобным портативным устройством для дома и работы, но и свидетельством успешности своего владельца, подчеркивая его статус. Этот привлекательный компактный ноутбук оснащен центральным процессором Intel Core i7 и ОЗУ объемом 4 Гб (без возможности подключения дополнительных модулей), а видеопамять в нем выделяется из ресурсов оперативной. Долговременная память обеспечена SSD-накопителем объемом 128 Гб. При весе чуть более 1 кг Apple MacBook Air (Z0RK0001Z) может повсеместно сопровождать своего владельца, а АКБ с серьезной емкостью 3800 мАч позаботится о его автономной работе в течение 10 часов. На ноутбук установлена операционная система Mac OS X с необходимым для работы базовым набором офисных и служебных программ. Отличаясь отменным качеством сборки и адекватной ценой, этот ноутбук сможет без проблем прослужить своему владельцу долгие годы.</span></p>', '<table><tbody><tr><td colspan="2">Экран</td></tr><tr><td><a href="javascript%3Avoid(0)" data-html="" data-toggle="popover" data-placement="right" data-trigger="hover" data-content-target="#characteristic-popover-00000000-0000-0000-0000-000000007988" data-original-title="" title="">Диагональ экрана</a></td><td>11.6"</td></tr><tr><td colspan="2">Процессор</td></tr><tr><td><a href="javascript%3Avoid(0)" data-html="" data-toggle="popover" data-placement="right" data-trigger="hover" data-content-target="#characteristic-popover-00000000-0000-0000-0000-000000008004" data-original-title="" title="">Линейка процессора</a></td><td>Intel Core i7</td></tr><tr><td><a href="javascript%3Avoid(0)" data-html="" data-toggle="popover" data-placement="right" data-trigger="hover" data-content-target="#characteristic-popover-00000000-0000-0000-0000-000000008013" data-original-title="" title="">Частота</a></td><td>2.2 ГГц</td></tr><tr><td colspan="2">Оперативная память</td></tr><tr><td><a href="javascript%3Avoid(0)" data-html="" data-toggle="popover" data-placement="right" data-trigger="hover" data-content-target="#characteristic-popover-00000000-0000-0000-0000-000000008034" data-original-title="" title="">Размер оперативной памяти</a></td><td>4 Гб</td></tr><tr><td colspan="2">Графический ускоритель</td></tr><tr><td><a href="javascript%3Avoid(0)" data-html="" data-toggle="popover" data-placement="right" data-trigger="hover" data-content-target="#characteristic-popover-00000000-0000-0000-0000-000000008049" data-original-title="" title="">Модель дискретной видеокарты</a></td><td>нет</td></tr><tr><td colspan="2">Накопители данных</td></tr><tr><td><a href="javascript%3Avoid(0)" data-html="" data-toggle="popover" data-placement="right" data-trigger="hover" data-content-target="#characteristic-popover-00000000-0000-0000-0000-000000008064" data-original-title="" title="">Общий объём жестких дисков (HDD)</a></td><td>нет</td></tr><tr><td><a href="javascript%3Avoid(0)" data-html="" data-toggle="popover" data-placement="right" data-trigger="hover" data-content-target="#characteristic-popover-00000000-0000-0000-0000-000000008070" data-original-title="" title="">Общий объем твердотельных накопителей (SSD)</a></td><td style="">128 Гб</td></tr></tbody></table>', '2016-11-25 16:35:22', '2016-11-25 16:35:22'),
	(20, 'Тостер Aresa AR-3002 черный', 1, 628293066, 1199.00, 0.00, 13, 10, 0, '<p style=""><span>Тостер Aresa AR-3002 мощностью 650 Вт с двумя отделениями рассчитан на приготовление двух тостов. Полезной функцией является быстрая отмена поджаривания для таких случаев, когда необходимо вытащить хлеб раньше установленного времени. Наличие поворотного переключателя на 7 позиций в модели Aresa AR-3004 позволяет плавно регулировать степень поджаривания. Управление тостером полностью механическое. Размеры прибора обеспечат его компактное размещение на кухне.</span></p>', '<table><tbody><tr><td colspan="2">Общие параметры</td></tr><tr><td><a href="javascript%3Avoid(0)" data-html="" data-toggle="popover" data-placement="right" data-trigger="hover" data-content-target="#characteristic-popover-00000000-0000-0000-0000-000000010793" data-original-title="" title="">Основной цвет</a></td><td>черный</td></tr><tr><td colspan="2">Основные характеристики</td></tr><tr><td><a href="javascript%3Avoid(0)" data-html="" data-toggle="popover" data-placement="right" data-trigger="hover" data-content-target="#characteristic-popover-00000000-0000-0000-0000-000000003480" data-original-title="" title="">Мощность</a></td><td>650 Вт</td></tr><tr><td><a href="javascript%3Avoid(0)" data-html="" data-toggle="popover" data-placement="right" data-trigger="hover" data-content-target="#characteristic-popover-00000000-0000-0000-0000-000000003611" data-original-title="" title="">Количество тостов</a></td><td>2</td></tr><tr><td><a href="javascript%3Avoid(0)" data-html="" data-toggle="popover" data-placement="right" data-trigger="hover" data-content-target="#characteristic-popover-00000000-0000-0000-0000-000000003613" data-original-title="" title="">Количество отделений</a></td><td>2</td></tr><tr><td><a href="javascript%3Avoid(0)" data-html="" data-toggle="popover" data-placement="right" data-trigger="hover" data-content-target="#characteristic-popover-00000000-0000-0000-0000-000000003641" data-original-title="" title="">Материал корпуса</a></td><td>металл, пластик</td></tr><tr><td><a href="javascript%3Avoid(0)" data-html="" data-toggle="popover" data-placement="right" data-trigger="hover" data-content-target="#characteristic-popover-00000000-0000-0000-0000-000000032324" data-original-title="" title="">Количество степеней обжаривания</a></td><td>7</td></tr><tr><td><a href="javascript%3Avoid(0)" data-html="" data-toggle="popover" data-placement="right" data-trigger="hover" data-content-target="#characteristic-popover-00000000-0000-0000-0000-000000003623" data-original-title="" title="">Функция подогрева</a></td><td style="">нет</td></tr></tbody></table>', '2016-11-25 16:38:10', '2016-11-25 16:38:10'),
	(21, 'Посудомоечная машина Bosch SKS 62E22 RU белый', 1, 830015614, 67600.00, 65000.00, 14, 4, 1, '<p style=""><span>Посудомоечная машина BOSCH SKS62E22RU является компактной моделью, поэтому ее с легкостью можно установить на кухню с ограниченным пространством. Также она подойдет для пользователей, которые постоянно дислоцируются с места на место и не хотят тратить личное время и силы на ручное мытье. Несмотря на свои маленькие размеры, представленный вариант быстро и надежно справляется со своей работой, одновременно умещая внутри до 6 комплектов посуды. Причем в рабочей поверхности можно отмывать даже крупногабаритные сковородки и кастрюли. Главное – грамотно разложить столовые приборы по ячейкам корзины. BOSCH SKS62E22RU поставляется в универсальном белом корпусе с глянцевым оттенком. Управление интуитивно понятное, поэтому "подружиться" с функционалом машинки не составит большой сложности. Можно отложить автоматический запуск работы на срок до 24 часов. За счет уровня шума, который не поднимается выше 48 децибел, можно без проблем оставлять устройство работающим на всю ночь.</span></p>', '<table style=""><tbody><tr><td colspan="2">Общие параметры</td></tr><tr><td><a href="javascript%3Avoid(0)" data-html="" data-toggle="popover" data-placement="right" data-trigger="hover" data-content-target="#characteristic-popover-00000000-0000-0000-0000-000000010360" data-original-title="" title="">Цвет</a></td><td>белый</td></tr><tr><td colspan="2">Основные характеристики</td></tr><tr><td><a href="javascript%3Avoid(0)" data-html="" data-toggle="popover" data-placement="right" data-trigger="hover" data-content-target="#characteristic-popover-00000000-0000-0000-0000-000000004079" data-original-title="" title="">Вместимость</a></td><td>6 комплектов</td></tr><tr><td><a href="javascript%3Avoid(0)" data-html="" data-toggle="popover" data-placement="right" data-trigger="hover" data-content-target="#characteristic-popover-00000000-0000-0000-0000-000000004091" data-original-title="" title="">Расход воды</a></td><td>7.5 л</td></tr><tr><td><a href="javascript%3Avoid(0)" data-html="" data-toggle="popover" data-placement="right" data-trigger="hover" data-content-target="#characteristic-popover-00000000-0000-0000-0000-000000004092" data-original-title="" title="">Максимальная потребляемая мощность</a></td><td>2400 Вт</td></tr><tr><td colspan="2">Габариты и вес</td></tr><tr><td><a href="javascript%3Avoid(0)" data-html="" data-toggle="popover" data-placement="right" data-trigger="hover" data-content-target="#characteristic-popover-00000000-0000-0000-0000-000000010355" data-original-title="" title="">Ширина</a></td><td>55.1 см</td></tr><tr><td><a href="javascript%3Avoid(0)" data-html="" data-toggle="popover" data-placement="right" data-trigger="hover" data-content-target="#characteristic-popover-00000000-0000-0000-0000-000000010356" data-original-title="" title="">Высота</a></td><td>45 см</td></tr><tr><td><a href="javascript%3Avoid(0)" data-html="" data-toggle="popover" data-placement="right" data-trigger="hover" data-content-target="#characteristic-popover-00000000-0000-0000-0000-000000010357" data-original-title="" title="">Глубина</a></td><td>50 см</td></tr></tbody></table><p><a href="javascript%3A;">Все характеристики</a></p><p><strong>Нашли ошибку в описании?</strong></p><p><br></p><p><br></p>', '2016-11-25 16:41:01', '2016-11-25 16:41:01'),
	(22, '4.5" Смартфон Lenovo A1010 8 Гб черный', 2, 797293765, 4990.00, 0.00, 8, 11, 0, '<p style=""><span>Lenovo A1010 - небольшой 4.5-дюймовый смартфон, который легко поместится в ваш карман. Удобный размер экрана и батарея большой ёмкости в компактном дизайне - вот то, что добавляет удобства при каждодневном использовании! Быстрый четырёхъядерный процессор обеспечивает достаточное быстродействие даже при работе нескольких приложений одновременно. Слот для двух SIM-карт идеально подходит для путешествий, позволяя пользоваться сразу двумя номерами и тарифами. Смартфон оснащён быстрой и удобной операционной системой Android 5.1 Lollipop. Lenovo A1010 подойдёт для тех, кому необходима отличная производительность при сохранении удобных размеров девайса.</span></p>', '<table><tbody><tr><td colspan="2">Мобильная связь</td></tr><tr><td><a href="javascript%3Avoid(0)" data-html="" data-toggle="popover" data-placement="right" data-trigger="hover" data-content-target="#characteristic-popover-00000000-0000-0000-0000-000000014143" data-original-title="" title="">Поддержка сетей 4G (LTE)</a></td><td>нет</td></tr><tr><td colspan="2">Система</td></tr><tr><td><a href="javascript%3Avoid(0)" data-html="" data-toggle="popover" data-placement="right" data-trigger="hover" data-content-target="#characteristic-popover-00000000-0000-0000-0000-000000012030" data-original-title="" title="">Количество ядер</a></td><td>4</td></tr><tr><td><a href="javascript%3Avoid(0)" data-html="" data-toggle="popover" data-placement="right" data-trigger="hover" data-content-target="#characteristic-popover-00000000-0000-0000-0000-000000012031" data-original-title="" title="">Частота работы процессора</a></td><td>1 ГГц</td></tr><tr><td><a href="javascript%3Avoid(0)" data-html="" data-toggle="popover" data-placement="right" data-trigger="hover" data-content-target="#characteristic-popover-00000000-0000-0000-0000-000000012032" data-original-title="" title="">Объем оперативной памяти</a></td><td>1 Гб</td></tr><tr><td colspan="2">Камера</td></tr><tr><td><a href="javascript%3Avoid(0)" data-html="" data-toggle="popover" data-placement="right" data-trigger="hover" data-content-target="#characteristic-popover-00000000-0000-0000-0000-000000012018" data-original-title="" title="">Количество мегапикселей основной камеры</a></td><td>5</td></tr><tr><td><a href="javascript%3Avoid(0)" data-html="" data-toggle="popover" data-placement="right" data-trigger="hover" data-content-target="#characteristic-popover-00000000-0000-0000-0000-000000025177" data-original-title="" title="">Количество мегапикселей камеры для видеозвонков</a></td><td>2</td></tr><tr><td colspan="2">Питание</td></tr><tr><td><a href="javascript%3Avoid(0)" data-html="" data-toggle="popover" data-placement="right" data-trigger="hover" data-content-target="#characteristic-popover-00000000-0000-0000-0000-000000012039" data-original-title="" title="">Емкость аккумулятора</a></td><td style="">2000 мАч</td></tr></tbody></table>', '2016-11-25 16:47:38', '2016-11-25 16:47:38'),
	(23, 'Смартфон Samsung SM-A300F Galaxy A3 16 Гб золотистый', 2, 803172965, 12990.00, 10000.00, 6, 1, 1, '<p style=""><span>Samsung SM-A300F Galaxy A3 является эталоном современного стиля среди смартфонов. Надежность данного устройства обусловлена его ударостойким металлическим корпусом. Эта модель совмещает превосходный дизайн и невероятно высокую производительность. Экономичный расход заряда – главная особенность данного телефона. Поэтому ценителям операционной системы Android стоит обратить внимание на данный продукт компании Samsung. Samsung SM-A300F Galaxy A3 оснащена инновационным процессорным чипом 1.2 ГГц, который гарантирует корректную работу всех новых приложений. Технология Super AMOLED, применяемая при создании устройства, обеспечивает высокую цветопередачу дисплея с HD-разрешением в независимости от яркости света. Также модель поддерживает работу сразу двух Nano-SIM-карт благодаря соответствующим слотам. В смартфоне и имеется отсек под карту памяти microSD до 64 ГБ.</span></p>', '<table><tbody><tr><td colspan="2">Мобильная связь</td></tr><tr><td><a href="javascript%3Avoid(0)" data-html="" data-toggle="popover" data-placement="right" data-trigger="hover" data-content-target="#characteristic-popover-00000000-0000-0000-0000-000000014143" data-original-title="" title="">Поддержка сетей 4G (LTE)</a></td><td>есть</td></tr><tr><td colspan="2">Система</td></tr><tr><td><a href="javascript%3Avoid(0)" data-html="" data-toggle="popover" data-placement="right" data-trigger="hover" data-content-target="#characteristic-popover-00000000-0000-0000-0000-000000012030" data-original-title="" title="">Количество ядер</a></td><td>4</td></tr><tr><td><a href="javascript%3Avoid(0)" data-html="" data-toggle="popover" data-placement="right" data-trigger="hover" data-content-target="#characteristic-popover-00000000-0000-0000-0000-000000012031" data-original-title="" title="">Частота работы процессора</a></td><td>1.2 ГГц</td></tr><tr><td><a href="javascript%3Avoid(0)" data-html="" data-toggle="popover" data-placement="right" data-trigger="hover" data-content-target="#characteristic-popover-00000000-0000-0000-0000-000000012032" data-original-title="" title="">Объем оперативной памяти</a></td><td>1 Гб</td></tr><tr><td colspan="2">Камера</td></tr><tr><td><a href="javascript%3Avoid(0)" data-html="" data-toggle="popover" data-placement="right" data-trigger="hover" data-content-target="#characteristic-popover-00000000-0000-0000-0000-000000012018" data-original-title="" title="">Количество мегапикселей основной камеры</a></td><td>8</td></tr><tr><td><a href="javascript%3Avoid(0)" data-html="" data-toggle="popover" data-placement="right" data-trigger="hover" data-content-target="#characteristic-popover-00000000-0000-0000-0000-000000025177" data-original-title="" title="">Количество мегапикселей камеры для видеозвонков</a></td><td>5</td></tr><tr><td colspan="2">Питание</td></tr><tr><td><a href="javascript%3Avoid(0)" data-html="" data-toggle="popover" data-placement="right" data-trigger="hover" data-content-target="#characteristic-popover-00000000-0000-0000-0000-000000012039" data-original-title="" title="">Емкость аккумулятора</a></td><td style="">1900 мАч</td></tr></tbody></table>', '2016-11-25 16:50:41', '2016-11-25 16:50:41'),
	(24, '17.3" Ноутбук Lenovo Y7070 черный', 4, 600194504, 104999.00, 104900.00, 8, 11, 1, '<p style=""><span>Ноутбук Lenovo Y7070 80DU002WRK – это современное устройство, отличающееся от аналогов сенсорным экраном, изысканным дизайном и высокой производительностью системы. На 17.3-дюймовый дисплей выводится Full-HD-изображение, характеризующееся высокой контрастностью, насыщенностью и точно переданными цветовыми оттенками. Такой эффект достигается благодаря высокой плотности пикселей и использованию IPS-матрицы. Быстродействие системы поддерживается процессором Core i7 4710HQ, который выполнен по архитектуре Haswell, имеет 4 ядра и автоматически увеличивает частоту работы во время повышения нагрузки. Автономная работа лэптопа поддерживается аккумулятором на 7300 мА·ч, при этом время работы без подзарядки достигает 5 часов. Еще одним достоинством Lenovo Y7070 80DU002WRK является оперативная память DDR3L объемом 16 ГБ. Обработка графики осуществляется видеокартами GeForce GTX 860M производства nVidia с 4 ГБ видеопамяти и Intel HD 4600. Также устройство оснащено накопителем данных объемом 512 ГБ.</span></p>', '<table><tbody><tr><td colspan="2">Экран</td></tr><tr><td><a href="javascript%3Avoid(0)" data-html="" data-toggle="popover" data-placement="right" data-trigger="hover" data-content-target="#characteristic-popover-00000000-0000-0000-0000-000000007988" data-original-title="" title="">Диагональ экрана</a></td><td>17.3"</td></tr><tr><td colspan="2">Процессор</td></tr><tr><td><a href="javascript%3Avoid(0)" data-html="" data-toggle="popover" data-placement="right" data-trigger="hover" data-content-target="#characteristic-popover-00000000-0000-0000-0000-000000008004" data-original-title="" title="">Линейка процессора</a></td><td>Intel Core i7</td></tr><tr><td><a href="javascript%3Avoid(0)" data-html="" data-toggle="popover" data-placement="right" data-trigger="hover" data-content-target="#characteristic-popover-00000000-0000-0000-0000-000000008013" data-original-title="" title="">Частота</a></td><td>2.5 ГГц</td></tr><tr><td colspan="2">Оперативная память</td></tr><tr><td><a href="javascript%3Avoid(0)" data-html="" data-toggle="popover" data-placement="right" data-trigger="hover" data-content-target="#characteristic-popover-00000000-0000-0000-0000-000000008034" data-original-title="" title="">Размер оперативной памяти</a></td><td>16 Гб</td></tr><tr><td colspan="2">Графический ускоритель</td></tr><tr><td><a href="javascript%3Avoid(0)" data-html="" data-toggle="popover" data-placement="right" data-trigger="hover" data-content-target="#characteristic-popover-00000000-0000-0000-0000-000000008049" data-original-title="" title="">Модель дискретной видеокарты</a></td><td>GeForce GTX 860M</td></tr><tr><td colspan="2">Накопители данных</td></tr><tr><td><a href="javascript%3Avoid(0)" data-html="" data-toggle="popover" data-placement="right" data-trigger="hover" data-content-target="#characteristic-popover-00000000-0000-0000-0000-000000008064" data-original-title="" title="">Общий объём жестких дисков (HDD)</a></td><td>нет</td></tr><tr><td><a href="javascript%3Avoid(0)" data-html="" data-toggle="popover" data-placement="right" data-trigger="hover" data-content-target="#characteristic-popover-00000000-0000-0000-0000-000000008070" data-original-title="" title="">Общий объем твердотельных накопителей (SSD)</a></td><td style="">512 Гб</td></tr></tbody></table>', '2016-11-25 16:53:29', '2016-11-25 19:59:28'),
	(25, '15.6" Ноутбук Acer Aspire E5-575G-70GL черный', 0, 805945669, 68999.00, 0.00, 8, 9, 0, '<p style=""><span>Ноутбук Acer Aspire E5-575G-70GL классического черного цвета оснащен современной системой Windows 10, значительно расширяющей возможности пользователя. Используется Full-HD-экран, обладающий диагональю 15.6” и разрешением 1920x1080. Комфортной эксплуатации способствуют TN+film-технология и антибликовое покрытие. Быстродействию системы способствует оперативная память, увеличенная до 12 ГБ. Скоростная обработка графики обусловлена видеокартой модельного ряда GeForce GTX 950M. В основе ноутбука располагается мощный двухъядерный процессор Intel Core i7 6500U с частотой 2.5 ГГц. Для хранения важной информации используется HDD-диск на 1 ТБ. Модель Acer Aspire E5-575G-70GL дополнена удобным карт-ридером и веб-камерой с чувствительным микрофоном. Предусматривается наличие Wi-Fi- и ethernet-связи, bluetooth-технологии, HDMI-видеоразъема, аудиовыхода и четырех USB-портов. Игровой ноутбук весит 2.39 кг и обладает габаритами 25.4x38.1x3.05 см. Комфортной эксплуатации способствует наличие прочного кенсингтонского замка и цифрового блока.</span></p>', '<table><tbody><tr><td colspan="2">Экран</td></tr><tr><td><a href="javascript%3Avoid(0)" data-html="" data-toggle="popover" data-placement="right" data-trigger="hover" data-content-target="#characteristic-popover-00000000-0000-0000-0000-000000007988" data-original-title="" title="">Диагональ экрана</a></td><td>15.6"</td></tr><tr><td colspan="2">Процессор</td></tr><tr><td><a href="javascript%3Avoid(0)" data-html="" data-toggle="popover" data-placement="right" data-trigger="hover" data-content-target="#characteristic-popover-00000000-0000-0000-0000-000000008004" data-original-title="" title="">Линейка процессора</a></td><td>Intel Core i7</td></tr><tr><td><a href="javascript%3Avoid(0)" data-html="" data-toggle="popover" data-placement="right" data-trigger="hover" data-content-target="#characteristic-popover-00000000-0000-0000-0000-000000008013" data-original-title="" title="">Частота</a></td><td>2.5 ГГц</td></tr><tr><td colspan="2">Оперативная память</td></tr><tr><td><a href="javascript%3Avoid(0)" data-html="" data-toggle="popover" data-placement="right" data-trigger="hover" data-content-target="#characteristic-popover-00000000-0000-0000-0000-000000008034" data-original-title="" title="">Размер оперативной памяти</a></td><td>12 Гб</td></tr><tr><td colspan="2">Графический ускоритель</td></tr><tr><td><a href="javascript%3Avoid(0)" data-html="" data-toggle="popover" data-placement="right" data-trigger="hover" data-content-target="#characteristic-popover-00000000-0000-0000-0000-000000008049" data-original-title="" title="">Модель дискретной видеокарты</a></td><td>GeForce GTX 950M</td></tr><tr><td colspan="2">Накопители данных</td></tr><tr><td><a href="javascript%3Avoid(0)" data-html="" data-toggle="popover" data-placement="right" data-trigger="hover" data-content-target="#characteristic-popover-00000000-0000-0000-0000-000000008064" data-original-title="" title="">Общий объём жестких дисков (HDD)</a></td><td>1 Тб</td></tr><tr><td><a href="javascript%3Avoid(0)" data-html="" data-toggle="popover" data-placement="right" data-trigger="hover" data-content-target="#characteristic-popover-00000000-0000-0000-0000-000000008070" data-original-title="" title="">Общий объем твердотельных накопителей (SSD)</a></td><td style="">нет</td></tr></tbody></table>', '2016-11-25 16:56:08', '2016-11-25 16:57:10'),
	(26, 'Холодильник с морозильником Samsung RB30J3200EF WT бежевый', 4, 914526452, 40890.00, 40800.00, 10, 1, 0, '<p style=""><span>Холодильник с морозильником Samsung RB30J3200EF/WT представлен в виде двух камер, оснащен стеклянными полками, пластиковым корпусом и приятной бежевой расцветкой. Техника оснащена дисплеем, звуковой индикацией открытой двери, функциями генератора льда, суперзаморозки и защиты от детей. Представленная модель весит 66.5 кг и имеет габариты 59.5х178х66.8 см. Работа осуществляется в климатических классах N, SN и ST. Энергопотребление составляет 272 кВт⋅ч в год, а мощность замораживания достигает 12 кг в сутки. Морозильная камера, расположенная снизу, оснащена технологией No Frost, не требующей периодического размораживания. Модель Samsung RB30J3200EF/WT работает при уровне шума 39 дБ и имеет полезный объем 311 л, где 213 л приходится на холодильную камеру, а 98 л – на морозильную камеру. Холодильник дополнен контейнером для яиц и циклопентановой теплоизоляцией. Сохранение холода в автономном режиме осуществляется до 20 часов.</span></p>', '<table><tbody><tr><td colspan="2">Общие параметры</td></tr><tr><td><a href="javascript%3Avoid(0)" data-html="" data-toggle="popover" data-placement="right" data-trigger="hover" data-content-target="#characteristic-popover-00000000-0000-0000-0000-000000010851" data-original-title="" title="">Основной цвет</a></td><td>бежевый</td></tr><tr><td colspan="2">Основные характеристики</td></tr><tr><td><a href="javascript%3Avoid(0)" data-html="" data-toggle="popover" data-placement="right" data-trigger="hover" data-content-target="#characteristic-popover-00000000-0000-0000-0000-000000003848" data-original-title="" title="">Размораживание холодильной камеры</a></td><td>No Frost</td></tr><tr><td><a href="javascript%3Avoid(0)" data-html="" data-toggle="popover" data-placement="right" data-trigger="hover" data-content-target="#characteristic-popover-00000000-0000-0000-0000-000000003850" data-original-title="" title="">Размораживание морозильной камеры</a></td><td>No Frost</td></tr><tr><td colspan="2">Объем</td></tr><tr><td><a href="javascript%3Avoid(0)" data-html="" data-toggle="popover" data-placement="right" data-trigger="hover" data-content-target="#characteristic-popover-00000000-0000-0000-0000-000000003832" data-original-title="" title="">Общий полезный объем</a></td><td>311 л</td></tr><tr><td colspan="2">Габариты и вес</td></tr><tr><td><a href="javascript%3Avoid(0)" data-html="" data-toggle="popover" data-placement="right" data-trigger="hover" data-content-target="#characteristic-popover-00000000-0000-0000-0000-000000007210" data-original-title="" title="">Ширина</a></td><td>59.5 см</td></tr><tr><td><a href="javascript%3Avoid(0)" data-html="" data-toggle="popover" data-placement="right" data-trigger="hover" data-content-target="#characteristic-popover-00000000-0000-0000-0000-000000007212" data-original-title="" title="">Высота</a></td><td>178 см</td></tr><tr><td><a href="javascript%3Avoid(0)" data-html="" data-toggle="popover" data-placement="right" data-trigger="hover" data-content-target="#characteristic-popover-00000000-0000-0000-0000-000000007208" data-original-title="" title="">Глубина</a></td><td style="">66.8 см</td></tr></tbody></table>', '2016-11-25 16:58:52', '2016-11-25 16:58:52');
/*!40000 ALTER TABLE `products` ENABLE KEYS */;


-- Дамп структуры для таблица shop.product_images
CREATE TABLE IF NOT EXISTS `product_images` (
  `id` int(10) unsigned NOT NULL AUTO_INCREMENT,
  `product_id` int(10) unsigned NOT NULL,
  `name` varchar(255) COLLATE utf8_unicode_ci NOT NULL,
  `path` varchar(255) COLLATE utf8_unicode_ci NOT NULL,
  `thumbnail_path` varchar(255) COLLATE utf8_unicode_ci NOT NULL,
  `featured` tinyint(1) NOT NULL DEFAULT '0',
  `created_at` timestamp NULL DEFAULT NULL,
  `updated_at` timestamp NULL DEFAULT NULL,
  PRIMARY KEY (`id`),
  KEY `product_images_product_id_foreign` (`product_id`),
  CONSTRAINT `product_images_product_id_foreign` FOREIGN KEY (`product_id`) REFERENCES `products` (`id`) ON DELETE CASCADE
) ENGINE=InnoDB AUTO_INCREMENT=55 DEFAULT CHARSET=utf8 COLLATE=utf8_unicode_ci;

-- Дамп данных таблицы shop.product_images: ~48 rows (приблизительно)
/*!40000 ALTER TABLE `product_images` DISABLE KEYS */;
INSERT INTO `product_images` (`id`, `product_id`, `name`, `path`, `thumbnail_path`, `featured`, `created_at`, `updated_at`) VALUES
	(3, 2, '6aeea36e302e303abc837306cf3942b1c0a9ddb6.jpg', 'src/public/ProductPhotos/photos/6aeea36e302e303abc837306cf3942b1c0a9ddb6.jpg', 'src/public/ProductPhotos/photos/th-6aeea36e302e303abc837306cf3942b1c0a9ddb6.jpg', 0, '2016-11-23 18:25:34', '2016-11-23 18:25:58'),
	(4, 2, 'b15ac6b4c71c4db745bc679c8ac13500682f6053.jpg', 'src/public/ProductPhotos/photos/b15ac6b4c71c4db745bc679c8ac13500682f6053.jpg', 'src/public/ProductPhotos/photos/th-b15ac6b4c71c4db745bc679c8ac13500682f6053.jpg', 0, '2016-11-23 18:25:34', '2016-11-23 18:25:58'),
	(5, 2, '3cedea11b2b7fe7ba0064bf3faefb0634a67dcf0.jpg', 'src/public/ProductPhotos/photos/3cedea11b2b7fe7ba0064bf3faefb0634a67dcf0.jpg', 'src/public/ProductPhotos/photos/th-3cedea11b2b7fe7ba0064bf3faefb0634a67dcf0.jpg', 1, '2016-11-23 18:25:34', '2016-11-23 18:25:58'),
	(8, 3, 'f0f4773276c3eb194dc8a31e771d760b4d24963c.jpg', 'src/public/ProductPhotos/photos/f0f4773276c3eb194dc8a31e771d760b4d24963c.jpg', 'src/public/ProductPhotos/photos/th-f0f4773276c3eb194dc8a31e771d760b4d24963c.jpg', 0, '2016-11-23 18:34:38', '2016-11-23 18:34:54'),
	(9, 3, 'b0fdfe0d35ee015921cd791de848c4a41e67a1dc.jpg', 'src/public/ProductPhotos/photos/b0fdfe0d35ee015921cd791de848c4a41e67a1dc.jpg', 'src/public/ProductPhotos/photos/th-b0fdfe0d35ee015921cd791de848c4a41e67a1dc.jpg', 1, '2016-11-23 18:34:38', '2016-11-23 18:34:54'),
	(11, 3, '43ebfc5b56a0dd828abc917048a936c215fa3a6c.jpg', 'src/public/ProductPhotos/photos/43ebfc5b56a0dd828abc917048a936c215fa3a6c.jpg', 'src/public/ProductPhotos/photos/th-43ebfc5b56a0dd828abc917048a936c215fa3a6c.jpg', 0, '2016-11-23 18:34:39', '2016-11-23 18:34:54'),
	(12, 4, 'cc57fc89b94e6167c6a87ec6af6ec7139610750a.jpg', 'src/public/ProductPhotos/photos/cc57fc89b94e6167c6a87ec6af6ec7139610750a.jpg', 'src/public/ProductPhotos/photos/th-cc57fc89b94e6167c6a87ec6af6ec7139610750a.jpg', 0, '2016-11-23 18:52:38', '2016-11-23 18:52:38'),
	(13, 4, 'ad9486e4425122617c5883ee02522a834cb63320.jpg', 'src/public/ProductPhotos/photos/ad9486e4425122617c5883ee02522a834cb63320.jpg', 'src/public/ProductPhotos/photos/th-ad9486e4425122617c5883ee02522a834cb63320.jpg', 0, '2016-11-23 18:52:38', '2016-11-23 18:52:38'),
	(14, 4, 'c276100a985e2e11b8ca287a451df8cd152cb584.jpg', 'src/public/ProductPhotos/photos/c276100a985e2e11b8ca287a451df8cd152cb584.jpg', 'src/public/ProductPhotos/photos/th-c276100a985e2e11b8ca287a451df8cd152cb584.jpg', 0, '2016-11-23 18:52:38', '2016-11-23 18:52:38'),
	(15, 5, '6444f9201314c39c4b5a96586af98b107dcabfff.jpg', 'src/public/ProductPhotos/photos/6444f9201314c39c4b5a96586af98b107dcabfff.jpg', 'src/public/ProductPhotos/photos/th-6444f9201314c39c4b5a96586af98b107dcabfff.jpg', 1, '2016-11-23 18:55:45', '2016-11-23 18:55:52'),
	(16, 5, 'a4a41e456b0911581a70eda6c40a00bdc804018f.jpg', 'src/public/ProductPhotos/photos/a4a41e456b0911581a70eda6c40a00bdc804018f.jpg', 'src/public/ProductPhotos/photos/th-a4a41e456b0911581a70eda6c40a00bdc804018f.jpg', 0, '2016-11-23 18:55:45', '2016-11-23 18:55:52'),
	(17, 5, '3f958bc79e2367322386d1e2495c3883d92e7dc1.jpg', 'src/public/ProductPhotos/photos/3f958bc79e2367322386d1e2495c3883d92e7dc1.jpg', 'src/public/ProductPhotos/photos/th-3f958bc79e2367322386d1e2495c3883d92e7dc1.jpg', 0, '2016-11-23 18:55:45', '2016-11-23 18:55:52'),
	(18, 6, '1ac577e79b0184f686d3fe3a0e2d2c7662f12520.jpg', 'src/public/ProductPhotos/photos/1ac577e79b0184f686d3fe3a0e2d2c7662f12520.jpg', 'src/public/ProductPhotos/photos/th-1ac577e79b0184f686d3fe3a0e2d2c7662f12520.jpg', 1, '2016-11-23 19:00:19', '2016-11-23 19:00:32'),
	(19, 6, 'f675de391164f47450f7dd01641a67f160560f6b.jpg', 'src/public/ProductPhotos/photos/f675de391164f47450f7dd01641a67f160560f6b.jpg', 'src/public/ProductPhotos/photos/th-f675de391164f47450f7dd01641a67f160560f6b.jpg', 0, '2016-11-23 19:00:19', '2016-11-23 19:00:32'),
	(20, 7, 'ad12d33de67e676ccb7113ddc70464142e86e665.jpg', 'src/public/ProductPhotos/photos/ad12d33de67e676ccb7113ddc70464142e86e665.jpg', 'src/public/ProductPhotos/photos/th-ad12d33de67e676ccb7113ddc70464142e86e665.jpg', 1, '2016-11-25 15:44:45', '2016-11-25 15:44:58'),
	(21, 7, '6b77a50106cfd0d77aba71dd59d1fdb8cbd562dd.jpg', 'src/public/ProductPhotos/photos/6b77a50106cfd0d77aba71dd59d1fdb8cbd562dd.jpg', 'src/public/ProductPhotos/photos/th-6b77a50106cfd0d77aba71dd59d1fdb8cbd562dd.jpg', 0, '2016-11-25 15:44:45', '2016-11-25 15:44:58'),
	(22, 8, '31a986892a581347b3d4a30ddaba7a93b33f0e50.jpg', 'src/public/ProductPhotos/photos/31a986892a581347b3d4a30ddaba7a93b33f0e50.jpg', 'src/public/ProductPhotos/photos/th-31a986892a581347b3d4a30ddaba7a93b33f0e50.jpg', 0, '2016-11-25 15:47:49', '2016-11-25 15:47:57'),
	(23, 8, '12956c88fda7ffff3d3682799db6cbde4f6523d1.jpg', 'src/public/ProductPhotos/photos/12956c88fda7ffff3d3682799db6cbde4f6523d1.jpg', 'src/public/ProductPhotos/photos/th-12956c88fda7ffff3d3682799db6cbde4f6523d1.jpg', 1, '2016-11-25 15:47:49', '2016-11-25 15:47:57'),
	(24, 8, '251301374cc8aa054260a209f02ebc7f1e907cde.jpg', 'src/public/ProductPhotos/photos/251301374cc8aa054260a209f02ebc7f1e907cde.jpg', 'src/public/ProductPhotos/photos/th-251301374cc8aa054260a209f02ebc7f1e907cde.jpg', 0, '2016-11-25 15:47:49', '2016-11-25 15:47:57'),
	(25, 9, 'c3ad8f351c6e4bfeb11b12399e2c98bfacab9a4f.jpg', 'src/public/ProductPhotos/photos/c3ad8f351c6e4bfeb11b12399e2c98bfacab9a4f.jpg', 'src/public/ProductPhotos/photos/th-c3ad8f351c6e4bfeb11b12399e2c98bfacab9a4f.jpg', 1, '2016-11-25 15:49:56', '2016-11-25 15:50:02'),
	(26, 10, '639207d82a60dc3905b5615241096dd1f0442284.jpg', 'src/public/ProductPhotos/photos/639207d82a60dc3905b5615241096dd1f0442284.jpg', 'src/public/ProductPhotos/photos/th-639207d82a60dc3905b5615241096dd1f0442284.jpg', 0, '2016-11-25 15:53:06', '2016-11-25 15:53:15'),
	(27, 10, '7b03c11873d55ca5def375092eada3bff8434910.jpg', 'src/public/ProductPhotos/photos/7b03c11873d55ca5def375092eada3bff8434910.jpg', 'src/public/ProductPhotos/photos/th-7b03c11873d55ca5def375092eada3bff8434910.jpg', 0, '2016-11-25 15:53:06', '2016-11-25 15:53:15'),
	(28, 10, 'e2f3835abc5739c87328c5dbc6c3d74d4a644f71.jpg', 'src/public/ProductPhotos/photos/e2f3835abc5739c87328c5dbc6c3d74d4a644f71.jpg', 'src/public/ProductPhotos/photos/th-e2f3835abc5739c87328c5dbc6c3d74d4a644f71.jpg', 1, '2016-11-25 15:53:06', '2016-11-25 15:53:15'),
	(29, 11, 'a781f3d033b92e2416a3fbd9eb6a157557135025.jpg', 'src/public/ProductPhotos/photos/a781f3d033b92e2416a3fbd9eb6a157557135025.jpg', 'src/public/ProductPhotos/photos/th-a781f3d033b92e2416a3fbd9eb6a157557135025.jpg', 0, '2016-11-25 15:58:30', '2016-11-25 15:58:35'),
	(30, 11, '57fe95cf14de6c1c94f5aeced4cce21a58dad92a.jpg', 'src/public/ProductPhotos/photos/57fe95cf14de6c1c94f5aeced4cce21a58dad92a.jpg', 'src/public/ProductPhotos/photos/th-57fe95cf14de6c1c94f5aeced4cce21a58dad92a.jpg', 1, '2016-11-25 15:58:30', '2016-11-25 15:58:35'),
	(31, 12, '3d531e6ccdd4f83dc58d05eab227e951ec01b768.jpeg', 'src/public/ProductPhotos/photos/3d531e6ccdd4f83dc58d05eab227e951ec01b768.jpeg', 'src/public/ProductPhotos/photos/th-3d531e6ccdd4f83dc58d05eab227e951ec01b768.jpeg', 0, '2016-11-25 16:06:14', '2016-11-25 16:06:19'),
	(32, 12, '4333abdb8c2f399cf1ad754ed36cb16c947adbe9.jpg', 'src/public/ProductPhotos/photos/4333abdb8c2f399cf1ad754ed36cb16c947adbe9.jpg', 'src/public/ProductPhotos/photos/th-4333abdb8c2f399cf1ad754ed36cb16c947adbe9.jpg', 1, '2016-11-25 16:06:14', '2016-11-25 16:06:19'),
	(33, 13, '9bd66ed2518898f1506955a81f2f591750acba29.jpg', 'src/public/ProductPhotos/photos/9bd66ed2518898f1506955a81f2f591750acba29.jpg', 'src/public/ProductPhotos/photos/th-9bd66ed2518898f1506955a81f2f591750acba29.jpg', 1, '2016-11-25 16:12:15', '2016-11-25 16:12:30'),
	(34, 14, 'bebaac4313fb6f969f73126518d7b06ba4521843.jpg', 'src/public/ProductPhotos/photos/bebaac4313fb6f969f73126518d7b06ba4521843.jpg', 'src/public/ProductPhotos/photos/th-bebaac4313fb6f969f73126518d7b06ba4521843.jpg', 1, '2016-11-25 16:18:46', '2016-11-25 16:19:29'),
	(35, 14, '07ce873a248852b6fbb614123bacd6caac858e29.jpg', 'src/public/ProductPhotos/photos/07ce873a248852b6fbb614123bacd6caac858e29.jpg', 'src/public/ProductPhotos/photos/th-07ce873a248852b6fbb614123bacd6caac858e29.jpg', 0, '2016-11-25 16:18:53', '2016-11-25 16:19:29'),
	(37, 15, 'a91a1cef861baeb7630a9bb1bf9d2958d4a70076.jpg', 'src/public/ProductPhotos/photos/a91a1cef861baeb7630a9bb1bf9d2958d4a70076.jpg', 'src/public/ProductPhotos/photos/th-a91a1cef861baeb7630a9bb1bf9d2958d4a70076.jpg', 1, '2016-11-25 16:22:23', '2016-11-25 16:22:41'),
	(38, 15, 'ea7eaaff87423f8c44549f9767a0f24a7229e93b.jpg', 'src/public/ProductPhotos/photos/ea7eaaff87423f8c44549f9767a0f24a7229e93b.jpg', 'src/public/ProductPhotos/photos/th-ea7eaaff87423f8c44549f9767a0f24a7229e93b.jpg', 0, '2016-11-25 16:22:28', '2016-11-25 16:22:41'),
	(39, 16, 'c2d65653ca0a696eba8bb215200dd8bef7e8ee99.png', 'src/public/ProductPhotos/photos/c2d65653ca0a696eba8bb215200dd8bef7e8ee99.png', 'src/public/ProductPhotos/photos/th-c2d65653ca0a696eba8bb215200dd8bef7e8ee99.png', 1, '2016-11-25 16:26:31', '2016-11-25 16:27:17'),
	(40, 17, 'c2fef087dec01f1c78c1c7e61a799b13e7961bb3.jpg', 'src/public/ProductPhotos/photos/c2fef087dec01f1c78c1c7e61a799b13e7961bb3.jpg', 'src/public/ProductPhotos/photos/th-c2fef087dec01f1c78c1c7e61a799b13e7961bb3.jpg', 1, '2016-11-25 16:29:30', '2016-11-25 16:29:37'),
	(41, 18, '84eaabf0a6d4c0a777e66fb5da849636e81b468d.jpg', 'src/public/ProductPhotos/photos/84eaabf0a6d4c0a777e66fb5da849636e81b468d.jpg', 'src/public/ProductPhotos/photos/th-84eaabf0a6d4c0a777e66fb5da849636e81b468d.jpg', 0, '2016-11-25 16:33:32', '2016-11-25 16:33:40'),
	(42, 18, '1803fdd6df850654cf86a7fa1c8f0d2950f67e36.jpg', 'src/public/ProductPhotos/photos/1803fdd6df850654cf86a7fa1c8f0d2950f67e36.jpg', 'src/public/ProductPhotos/photos/th-1803fdd6df850654cf86a7fa1c8f0d2950f67e36.jpg', 1, '2016-11-25 16:33:35', '2016-11-25 16:33:40'),
	(43, 19, '3043cb5b392b3de4d2f277e4aabe018b6f7c7770.jpg', 'src/public/ProductPhotos/photos/3043cb5b392b3de4d2f277e4aabe018b6f7c7770.jpg', 'src/public/ProductPhotos/photos/th-3043cb5b392b3de4d2f277e4aabe018b6f7c7770.jpg', 1, '2016-11-25 16:35:48', '2016-11-25 16:35:53'),
	(44, 20, 'f67c99aef54510dd54dc71b592ab38781b54f6b6.jpg', 'src/public/ProductPhotos/photos/f67c99aef54510dd54dc71b592ab38781b54f6b6.jpg', 'src/public/ProductPhotos/photos/th-f67c99aef54510dd54dc71b592ab38781b54f6b6.jpg', 1, '2016-11-25 16:38:27', '2016-11-25 16:38:32'),
	(45, 21, '9a1f004ece383f6e7cedca3eb2c817892da27cce.jpg', 'src/public/ProductPhotos/photos/9a1f004ece383f6e7cedca3eb2c817892da27cce.jpg', 'src/public/ProductPhotos/photos/th-9a1f004ece383f6e7cedca3eb2c817892da27cce.jpg', 0, '2016-11-25 16:41:13', '2016-11-25 16:41:13'),
	(46, 22, '332ced752d37904d9ed6dd7597f3179f648705a0.jpg', 'src/public/ProductPhotos/photos/332ced752d37904d9ed6dd7597f3179f648705a0.jpg', 'src/public/ProductPhotos/photos/th-332ced752d37904d9ed6dd7597f3179f648705a0.jpg', 1, '2016-11-25 16:48:16', '2016-11-25 16:48:42'),
	(47, 22, 'a0471ae1103150fded89abef8e799be8c1b425e6.jpeg', 'src/public/ProductPhotos/photos/a0471ae1103150fded89abef8e799be8c1b425e6.jpeg', 'src/public/ProductPhotos/photos/th-a0471ae1103150fded89abef8e799be8c1b425e6.jpeg', 0, '2016-11-25 16:48:19', '2016-11-25 16:48:42'),
	(48, 23, '120725c665b420bd613c7098bea74078612202b2.jpeg', 'src/public/ProductPhotos/photos/120725c665b420bd613c7098bea74078612202b2.jpeg', 'src/public/ProductPhotos/photos/th-120725c665b420bd613c7098bea74078612202b2.jpeg', 0, '2016-11-25 16:51:22', '2016-11-25 16:51:31'),
	(49, 23, '6adcbce285ff3d32293531bb7597349306d975e8.jpg', 'src/public/ProductPhotos/photos/6adcbce285ff3d32293531bb7597349306d975e8.jpg', 'src/public/ProductPhotos/photos/th-6adcbce285ff3d32293531bb7597349306d975e8.jpg', 1, '2016-11-25 16:51:24', '2016-11-25 16:51:31'),
	(50, 24, '4fe0cdf08cc421d116f1590cffa3d17b9c4e360b.jpg', 'src/public/ProductPhotos/photos/4fe0cdf08cc421d116f1590cffa3d17b9c4e360b.jpg', 'src/public/ProductPhotos/photos/th-4fe0cdf08cc421d116f1590cffa3d17b9c4e360b.jpg', 0, '2016-11-25 16:54:11', '2016-11-25 16:54:23'),
	(51, 24, '013c9f282161cecb111756d26bc33a7eb1f099cd.jpg', 'src/public/ProductPhotos/photos/013c9f282161cecb111756d26bc33a7eb1f099cd.jpg', 'src/public/ProductPhotos/photos/th-013c9f282161cecb111756d26bc33a7eb1f099cd.jpg', 1, '2016-11-25 16:54:13', '2016-11-25 16:54:23'),
	(52, 25, '1275af6e7100a84712c0da2bc5cabcb4fd0237fb.jpg', 'src/public/ProductPhotos/photos/1275af6e7100a84712c0da2bc5cabcb4fd0237fb.jpg', 'src/public/ProductPhotos/photos/th-1275af6e7100a84712c0da2bc5cabcb4fd0237fb.jpg', 1, '2016-11-25 16:56:40', '2016-11-25 16:56:44'),
	(53, 26, '59760f57768ba9800177bdeb7dbe37173594ecc1.jpg', 'src/public/ProductPhotos/photos/59760f57768ba9800177bdeb7dbe37173594ecc1.jpg', 'src/public/ProductPhotos/photos/th-59760f57768ba9800177bdeb7dbe37173594ecc1.jpg', 0, '2016-11-25 16:59:24', '2016-12-03 06:45:52'),
	(54, 26, 'fc545fc1f48ad31dfe1f2b646ad23c7a61831229.jpg', 'src/public/ProductPhotos/photos/fc545fc1f48ad31dfe1f2b646ad23c7a61831229.jpg', 'src/public/ProductPhotos/photos/th-fc545fc1f48ad31dfe1f2b646ad23c7a61831229.jpg', 1, '2016-11-25 16:59:26', '2016-12-03 06:45:52');
/*!40000 ALTER TABLE `product_images` ENABLE KEYS */;


-- Дамп структуры для таблица shop.users
CREATE TABLE IF NOT EXISTS `users` (
  `id` int(10) unsigned NOT NULL AUTO_INCREMENT,
  `username` varchar(255) COLLATE utf8_unicode_ci NOT NULL,
  `email` varchar(255) COLLATE utf8_unicode_ci NOT NULL,
  `password` varchar(255) COLLATE utf8_unicode_ci NOT NULL,
  `last_login` timestamp NOT NULL,
  `verified` tinyint(1) NOT NULL DEFAULT '1',
  `token` varchar(255) COLLATE utf8_unicode_ci DEFAULT NULL,
  `admin` int(11) NOT NULL,
  `remember_token` varchar(100) COLLATE utf8_unicode_ci DEFAULT NULL,
  `created_at` timestamp NULL DEFAULT NULL,
  `updated_at` timestamp NULL DEFAULT NULL,
  PRIMARY KEY (`id`),
  UNIQUE KEY `users_email_unique` (`email`)
) ENGINE=InnoDB AUTO_INCREMENT=13 DEFAULT CHARSET=utf8 COLLATE=utf8_unicode_ci;

-- Дамп данных таблицы shop.users: ~11 rows (приблизительно)
/*!40000 ALTER TABLE `users` DISABLE KEYS */;
INSERT INTO `users` (`id`, `username`, `email`, `password`, `last_login`, `verified`, `token`, `admin`, `remember_token`, `created_at`, `updated_at`) VALUES
	(2, 'test', 'test@mail.ru', '$2y$10$3jUeb0FQdKMDUHkJSo.kD.5aalh67BKkJ2yylzsVe8wbKPh7h57Hu', '0000-00-00 00:00:00', 1, 'rxBV63IIIjhNBJnymTWsyQ2ZcUaEUp', 1, NULL, '2016-11-23 19:08:42', '2016-11-23 19:08:42'),
	(3, 'anisimova', 'dasha@gmail.ru', '$2y$10$hxfhJcpbi3gq8PejIxfOIOlGBbpxGG0CD208CFlNISoT2wEbuamr.', '0000-00-00 00:00:00', 1, 'RrscinSukhYmdNxzxBSCCtHIwkAXVX', 1, NULL, '2016-11-23 19:11:59', '2016-11-23 19:11:59'),
	(4, 'ААААА', 'da@mail.ru', '$2y$10$i3Ku7TOaCcwics0FYuhDTeFPW0DFoE6Q6OzwFQC4D/g/qPMJ6agyq', '0000-00-00 00:00:00', 0, 'aJMPdAJ1B9Q3oud2O5QAf0Gc3oO0LI', 0, NULL, '2016-11-23 19:27:19', '2016-11-23 19:27:19'),
	(5, 'hfhf', 'hfhfg@mail.ru', '$2y$10$NWmFuChna/udqxxbErrXCOV04GtsRmS6HWhW8ciJwMT46CJJGuYSS', '0000-00-00 00:00:00', 0, '95b2i6pDHtOIAlIktgc7v9nnOgMGNp', 0, NULL, '2016-11-23 19:32:54', '2016-11-23 19:32:54'),
	(6, 'aaaaafafa', 'afasfsafa@mail.ru', '$2y$10$nFMjqIphOz5Vrd7qWvyMbuQSrGVSaHeDFR4tH5HWQ8J3IQTI/PPyK', '0000-00-00 00:00:00', 0, 'g8XQUeIIebNGkTJpHxRBSZn9se9JBl', 0, NULL, '2016-11-24 06:37:23', '2016-11-24 06:37:23'),
	(7, 'aaaagb', 'afafa@mail.ru', '$2y$10$zXlD8oFZCooJuxgmcwDuMundGLCVT90ZXr5PShqgcWD2Get49mnrG', '0000-00-00 00:00:00', 0, 'Ts3cElhIIEYQ9S8SFXOZuMGmcu5JWB', 0, NULL, '2016-11-24 06:38:34', '2016-11-24 06:38:34'),
	(8, 'Василиса', 'vas@gmail.com', '$2y$10$wv2e8tijlcNRnLiPK2/IMeICXuXXbufOoxEsYe04To4M6dAdX4X2W', '0000-00-00 00:00:00', 1, 'hu5luwm6rGlzmKBogqY0qsSG1kZqsZ', 0, NULL, '2016-11-25 17:01:21', '2016-11-25 17:01:21'),
	(9, 'kostya', 'kostya@gmail.com', '$2y$10$ZYqzPl7R30CwIDIE1cdA5.TCuEWkOveqaxM5kU1T0xbrAp1zxu9.y', '0000-00-00 00:00:00', 1, 'kVmjnpQ8V07O75l0P12u5pX6voNt2Z', 0, 'nJ8JnKYfnZHss3OKJj7zITDLqtbYbAlBQdV4uDmCDY64EbjHRgfmpoEXeLEK', '2016-11-25 17:09:04', '2016-11-25 19:47:23'),
	(10, 'roma', 'roma@gmail.com', '$2y$10$FQeh40kduUs1WlpI3kiqM.zln4PZg2ItElnxGVFF/NgeyZXj4zbD.', '0000-00-00 00:00:00', 1, 'OW8QTFsp0pioDhloLc939hR370mGFU', 0, 'GzldhYzsQkxNjn7qwJ0I5F1Je9tfRxPBaiAqGuSxnHjkiKv0DJVMaOucDekw', '2016-11-25 17:11:07', '2016-11-25 17:32:16'),
	(11, 'volkov', 'volkov@gmail.com', '$2y$10$G.49Ddl9fo6U2Uj2UAFJ/eq3b8uEQFj8jnXuw9uf8TGU1Fe4dHFbS', '0000-00-00 00:00:00', 0, '98TtUcdouBcsjTtEczv6q5T2ZKTppG', 0, 'sbaU88dvr3fHUAWVj2bujpjR6s3QgjHW8yIelviOGS6tkd8xbb8BByrAkNqZ', '2016-11-25 17:12:40', '2016-11-25 17:34:51'),
	(12, 'marina', 'marina@gmail.com', '$2y$10$9EDG3bHOMtkUpLdhYYxd1u3Le33DnBPyi9Lej4dJel6ws3By9o.Ry', '0000-00-00 00:00:00', 0, 'iK998fr80YWi0yBnCdGrcTftUKvqVG', 0, 'ZogPakOne8UBMi9gI2ZBb933WmutBi6Eu3Ezs7QHcB1ASG95yFyiXtIKkKve', '2016-11-25 17:13:46', '2016-11-25 17:35:56');
/*!40000 ALTER TABLE `users` ENABLE KEYS */;
/*!40101 SET SQL_MODE=IFNULL(@OLD_SQL_MODE, '') */;
/*!40014 SET FOREIGN_KEY_CHECKS=IF(@OLD_FOREIGN_KEY_CHECKS IS NULL, 1, @OLD_FOREIGN_KEY_CHECKS) */;
/*!40101 SET CHARACTER_SET_CLIENT=@OLD_CHARACTER_SET_CLIENT */;
